ENSEMBL,ENTREZID,SYMBOL,pi_C1_C5_C7,sig_pi_C1,sig_pi_C5,sig_pi_C7,chr,start_pos,end_pos
ENSG00000267228,NA,NA,40.4700484776211,5.01745491993746,8.06585193557165,0,18,44661027,44702652
ENSG00000124507,29993,PACSIN1,30.9067998330243,7.30931623136275,4.22841191360823,0,6,34433916,34503006
ENSG00000116299,57535,KIAA1324,21.9379093487152,0,8.14952199048727,2.69192590366929,1,109656301,109749401
ENSG00000101447,81610,FAM83D,19.3796401732879,4.72876431701288,4.09824615355959,0,20,37554955,37581703
ENSG00000100433,54207,KCNK10,14.5075466347123,3.85253730750212,3.76571217271836,0,14,88649113,88793251
ENSG00000135547,23493,HEY2,13.2697056610771,2.25503761280844,5.8844719865009,0,6,126068810,126082415
ENSG00000111057,3875,KRT18,12.8005589292724,2.34575893653888,5.45689445316976,0,12,53342655,53346685
ENSG00000120645,440073,IQSEC3,12.4136565381725,0,3.3371791621645,3.71980524117891,12,175931,287626
ENSG00000146955,401409,RAB19,9.37492782592623,3.36351865853272,2.78723823997334,0,7,140103843,140126050
ENSG00000213949,3672,ITGA1,9.09335896918948,1.66041719441865,5.47655071252937,0,5,52083730,52255040
ENSG00000264324,NA,NA,8.73784580492532,0,3.97812827445191,2.19647160727344,2,74438731,74590504
ENSG00000166762,117155,CATSPER2,8.69249401075511,2.78666069745837,3.11932271434527,0,15,43920701,43960316
ENSG00000284952,NA,NA,8.06520417581576,1.75031018930527,0,4.60787135051586,NA,NA,NA
ENSG00000182195,23641,LDOC1,8.00563367643155,2.25147489390496,3.55572860177294,0,X,140269934,140271310
ENSG00000036448,9172,MYOM2,7.92505188481361,0,7.92505188481361,0,8,1993155,2113475
ENSG00000160201,7307,U2AF1,7.73642943393383,2.63393453016575,2.93721402158275,0,21,44513066,44527697
ENSG00000154380,55740,ENAH,7.33657984375155,2.53479252693708,0,2.89435122038043,1,225674537,225840844
ENSG00000213648,445329,SULT1A4,7.32302677653313,2.19314768078467,3.33904863803475,0,16,29467127,29476300
ENSG00000099958,91319,DERL3,7.21923218271634,2.44871620146036,2.9481702201386,0,22,24176690,24181315
ENSG00000150967,23457,ABCB9,7.18222468542423,2.16327680206293,3.32006735271934,0,12,123405498,123466196
ENSG00000187510,338809,C12orf74,6.81296709398039,0,6.81296709398039,0,12,93115281,93166231
ENSG00000197653,196385,DNAH10,6.80840748216506,2.91997231862964,2.3145773315597,1.00738414320533,12,124247042,124420753
ENSG00000214435,57412,AS3MT,6.45796624087988,0,2.7304111898395,2.36519915568449,10,104629273,104661656
ENSG00000105948,79989,TTC26,6.25253054426576,0,6.25253054426576,0,7,138818490,138876732
ENSG00000240403,3812,KIR3DL2,5.64546974936808,5.64546974936808,0,0,19,55361898,55378662
ENSG00000235272,NA,NA,5.6395574777919,0,5.6395574777919,0,6,166999612,166999965
ENSG00000239704,284040,CDRT4,5.62840391642247,0,5.62840391642247,0,17,15339332,15406922
ENSG00000138772,306,ANXA3,5.60672764866965,1.79626925580183,3.12131804881719,0,4,79472673,79531597
ENSG00000170365,4086,SMAD1,5.50765570630468,1.88284680936874,2.92517462328825,0,4,146402346,146479231
ENSG00000130529,54795,TRPM4,5.47236101314781,0,1.91921543317073,2.85135317201307,19,49660998,49715093
ENSG00000179023,127707,KLHDC7A,5.26136784334405,0,5.26136784334405,0,1,18807424,18812478
ENSG00000163221,6283,S100A12,5.13592584837879,2.61381971868161,1.96491204487864,0,1,153346184,153348125
ENSG00000265118,NA,NA,5.11948742462016,2.8186574290346,1.81628578623462,0,17,29632231,29645849
ENSG00000196208,9687,GREB1,5.11853295943556,0,5.11853295943556,0,2,11674242,11782914
ENSG00000125498,3802,KIR2DL1,4.7770572346985,4.7770572346985,0,0,19,55281263,55295774
ENSG00000285708,27086,FOXP1,4.7012915361645,0,0,4.7012915361645,NA,NA,NA
ENSG00000115155,9381,OTOF,4.63803242096217,0,4.63803242096217,0,2,26680071,26781566
ENSG00000283528,NA,NA,4.59551975615496,4.59551975615496,0,0,NA,NA,NA
ENSG00000163491,152110,NEK10,4.55580956269244,4.55580956269244,0,0,3,27151576,27410951
ENSG00000261052,6818,SULT1A3,4.5429972926797,0,4.5429972926797,0,16,30205754,30215631
ENSG00000108556,1145,CHRNE,4.44388789003077,4.44388789003077,0,0,17,4801069,4806369
ENSG00000149418,6768,ST14,4.41388154286274,1.27104127405003,3.47265004919817,0,11,130029457,130080271
ENSG00000156564,57497,LRFN2,4.37927362041959,4.37927362041959,0,0,6,40359325,40555204
ENSG00000281887,100527949,GIMAP1-GIMAP5,4.36849418981607,4.36849418981607,0,0,NA,NA,NA
ENSG00000170917,11162,NUDT6,4.14110208140567,0,0,4.14110208140567,4,123809852,123844123
ENSG00000155542,133383,SETD9,4.10423162564424,4.10423162564424,0,0,5,56205087,56221359
ENSG00000162526,81629,TSSK3,4.02928971446699,4.02928971446699,0,0,1,32817122,32829913
ENSG00000205560,1375,CPT1B,4.00713014709109,0,4.00713014709109,0,22,51007290,51017899
ENSG00000137941,79739,TTLL7,3.97909616012172,1.85755648307775,2.14211314507586,0,1,84330711,84464833
ENSG00000186132,130355,C2orf76,3.9656168267275,2.03957856674654,1.94433148660377,0,2,120059801,120124404
ENSG00000187116,353514,LILRA5,3.94793377273001,0.93356918519406,3.94793377273001,0,19,54818353,54824409
ENSG00000284292,NA,NA,3.85145350814616,0,3.85145350814616,0,NA,NA,NA
ENSG00000137878,145781,GCOM1,3.82558728858034,0.839507481916171,3.07260721685168,1.24506226100068,15,57884106,58006943
ENSG00000184659,349334,FOXD4L4,3.82316624481255,3.82316624481255,0,0,9,70426623,70429731
ENSG00000104177,50804,MYEF2,3.76915861647599,2.51745652495089,0,1.49720901994505,15,48431625,48470714
ENSG00000228570,283008,NUTM2E,3.73160447591459,0,3.73160447591459,0,10,81601114,81610632
ENSG00000146530,221806,VWDE,3.68371646994697,0,3.68371646994697,0,7,12370511,12443567
ENSG00000168772,80319,CXXC4,3.61947120770414,0,0,3.61947120770414,4,105389469,105416058
ENSG00000260861,NA,NA,3.58711088327382,3.58711088327382,0,0,20,1520790,1600655
ENSG00000240563,54596,L1TD1,3.54580825856099,0,3.54580825856099,0,1,62660503,62678000
ENSG00000197915,388697,HRNR,3.52598543697093,0,3.52598543697093,0,1,152184558,152196669
ENSG00000180834,79929,MAP6D1,3.48186250507884,0,0,3.48186250507884,3,183533664,183543382
ENSG00000186049,319101,KRT73,3.44226077736836,3.44226077736836,0,0,12,53001354,53012343
ENSG00000186792,8372,HYAL3,3.40399084163642,0,0,3.40399084163642,3,50330262,50336899
ENSG00000048462,608,TNFRSF17,3.38125106659773,0,3.38125106659773,0,16,12058964,12061925
ENSG00000180509,3753,KCNE1,3.37183844396494,3.37183844396494,0,0,21,35818988,35884573
ENSG00000178718,54913,RPP25,3.36815103766448,0,3.36815103766448,0,15,75246757,75249805
ENSG00000106089,6804,STX1A,3.36347272550664,3.36347272550664,0,0,7,73113536,73134002
ENSG00000198796,115701,ALPK2,3.35895079830412,0,0,3.35895079830412,18,56148479,56296189
ENSG00000133424,9215,LARGE1,3.30773540602883,0,3.30773540602883,0,22,33558212,34318829
ENSG00000129810,151648,SGO1,3.27121562170804,1.85245390604261,1.76588233101914,0,3,20202085,20227784
ENSG00000280987,9782,MATR3,3.26995235256592,0,0,3.26995235256592,NA,NA,NA
ENSG00000069869,4734,NEDD4,3.21572118444105,0,3.21572118444105,0,15,56119120,56285944
ENSG00000149571,84623,KIRREL3,3.19110106419969,3.19110106419969,0,0,11,126293254,126873355
ENSG00000162994,130162,CLHC1,3.18813343509831,0,2.62034732057698,1.21668353277546,2,55401927,55459699
ENSG00000284713,NA,NA,3.18268128074042,0,0,3.18268128074042,NA,NA,NA
ENSG00000100985,4318,MMP9,3.16888854888854,0,3.16888854888854,0,20,44637547,44645200
ENSG00000166527,338339,CLEC4D,3.10046752982605,1.82261605370651,1.70110842792198,0,12,8662071,8674962
ENSG00000198963,6096,RORB,3.07509536000829,1.5054265049782,0,2.04267385344914,9,77112281,77308093
ENSG00000158220,83850,ESYT3,3.05037918714766,2.04814511879511,1.48933742983122,0,3,138153428,138200528
ENSG00000107249,169792,GLIS3,3.04142172497782,0,0,3.04142172497782,9,3824127,4348392
ENSG00000144130,284958,NT5DC4,3.01072523666428,3.01072523666428,0,0,2,113479063,113500456
ENSG00000184916,3714,JAG2,2.9991489914146,2.9991489914146,0,0,14,105607318,105635161
ENSG00000076864,5909,RAP1GAP,2.99522643336847,0,2.99522643336847,0,1,21922708,21995801
ENSG00000066468,2263,FGFR2,2.99274174030384,0,0,2.99274174030384,10,123237848,123357972
ENSG00000174607,7368,UGT8,2.96244736861789,0,2.96244736861789,0,4,115519611,115599380
ENSG00000131459,9945,GFPT2,2.94987083995471,0,2.94987083995471,0,5,179727690,179780387
ENSG00000112053,116369,SLC26A8,2.94475393943966,1.64337356053944,1.7918956530328,0,6,35911291,35992645
ENSG00000260238,100527963,PMF1-BGLAP,2.91582549229414,2.91582549229414,0,0,1,156182773,156213123
ENSG00000255330,387104,SOGA3,2.8703591924557,2.8703591924557,0,0,6,127759551,127840146
ENSG00000111261,54682,MANSC1,2.86552532344537,1.26599383138994,2.26345915153417,0,12,12482198,12503475
ENSG00000105426,5802,PTPRS,2.86257378331924,2.86257378331924,0,0.763322965913288,19,5158506,5340814
ENSG00000260286,101928603,ARMH2,2.84272328746123,2.84272328746123,0,0,6,24797549,24799117
ENSG00000229314,5004,ORM1,2.84046499742309,1.54410528294803,1.83955396616481,0,9,117085336,117088755
ENSG00000077238,3566,IL4R,2.83476244083346,1.55613855189457,1.82166455382922,0,16,27324989,27376099
ENSG00000181625,79008,SLX1B,2.80891700038636,0,0,2.80891700038636,16,29465822,29469540
ENSG00000056277,55609,ZNF280C,2.78069461304226,1.46136445472272,1.90280706777549,0,X,129336685,129402873
ENSG00000145113,4585,MUC4,2.76964572769321,0,2.76964572769321,0,3,195473636,195539148
ENSG00000171189,2897,GRIK1,2.75022051378544,0,2.75022051378544,0,21,30909254,31312351
ENSG00000197385,344787,ZNF860,2.74766318089312,0,2.74766318089312,0,3,32023263,32033120
ENSG00000115138,5443,POMC,2.74741886736409,2.74741886736409,0,0,2,25383722,25391772
ENSG00000137731,486,FXYD2,2.7215319492892,0,2.7215319492892,0,11,117671559,117699413
ENSG00000102001,778,CACNA1F,2.72058571881232,2.72058571881232,0,0,X,49061523,49089833
ENSG00000116991,57568,SIPA1L2,2.71532134250088,1.47387260223842,1.84230396736938,0,1,232533711,232697304
ENSG00000285713,NA,NA,2.6954697235488,0,0,2.6954697235488,NA,NA,NA
ENSG00000154175,25890,ABI3BP,2.69096238139366,2.69096238139366,0,0,3,100468000,100712359
ENSG00000125618,7849,PAX8,2.68802656942007,2.68802656942007,0,0,2,113973574,114036527
ENSG00000152766,118932,ANKRD22,2.6821909614324,0,2.6821909614324,0,10,90581889,90611575
ENSG00000102010,660,BMX,2.68028937362827,1.52956530659377,1.75232097777968,0,X,15482369,15574652
ENSG00000179761,51268,PIPOX,2.66886161048665,2.66886161048665,0,0,17,27277531,27384234
ENSG00000176720,666,BOK,2.65660340238585,0,2.65660340238585,0,2,242498136,242513546
ENSG00000267022,NA,NA,2.63671979970185,2.63671979970185,0,0,19,44529506,44591471
ENSG00000174721,143282,FGFBP3,2.63531657837091,1.70537344157901,1.54530175861708,0,10,93666346,93669240
ENSG00000105369,973,CD79A,2.62332308725176,0,2.62332308725176,0,19,42381190,42385439
ENSG00000281028,55300,PI4K2B,2.62282576438424,2.62282576438424,0,0,NA,NA,NA
ENSG00000142494,55244,SLC47A1,2.61717407982322,2.61717407982322,0,0,17,19398698,19482347
ENSG00000274349,26149,ZNF658,2.61502807468136,0,2.61502807468136,0,NA,NA,NA
ENSG00000135862,3915,LAMC1,2.61131984863303,0,2.61131984863303,0,1,182992595,183114727
ENSG00000267385,NA,NA,2.59785623148393,1.58702030050493,1.63693950900149,0,19,4528439,4540079
ENSG00000113368,4001,LMNB1,2.59655627351,1.64750566963739,1.57605301235867,0,5,126112315,126172712
ENSG00000167601,558,AXL,2.57421859077838,0,2.57421859077838,0,19,41725108,41767671
ENSG00000260170,NA,NA,2.56491185261993,2.56491185261993,0,0,15,45879549,45968512
ENSG00000184226,5101,PCDH9,2.5635017197349,0,2.5635017197349,0,13,66876967,67804468
ENSG00000198892,149345,SHISA4,2.56068487795805,2.56068487795805,0,0,1,201857808,201861434
ENSG00000130598,7136,TNNI2,2.55642808671877,0,2.55642808671877,0,11,1860219,1862910
ENSG00000000971,3075,CFH,2.54436579818339,2.54436579818339,0,0,1,196621008,196716634
ENSG00000260537,NA,NA,2.52895098563849,2.52895098563849,0,0,16,70333097,70400163
ENSG00000104432,3574,IL7,2.52894468949091,2.52894468949091,0,0,8,79587978,79717758
ENSG00000112077,6005,RHAG,2.52361525122471,0,2.52361525122471,0,6,49572871,49604552
ENSG00000188596,144535,CFAP54,2.51293579269069,0,0.758626251765961,2.51293579269069,12,96883349,97269333
ENSG00000163380,56203,LMOD3,2.48677106401791,2.48677106401791,0,0,3,69156023,69172183
ENSG00000125551,5342,PLGLB2,2.48653542569174,0,2.48653542569174,0,2,88047606,88058312
ENSG00000269242,NA,NA,2.47808814477364,0,2.47808814477364,0,19,12754645,12759211
ENSG00000151726,2180,ACSL1,2.47804313622686,1.22704984140047,2.01951302434349,0,4,185676749,185747972
ENSG00000083454,5026,P2RX5,2.47459814321992,0,2.47459814321992,0,17,3575493,3599698
ENSG00000130656,3050,HBZ,2.46231739313393,0,2.46231739313393,0,16,202686,204502
ENSG00000091536,51168,MYO15A,2.46040525939883,2.46040525939883,0,0,17,18012020,18083116
ENSG00000112902,9037,SEMA5A,2.45138556084018,0,2.45138556084018,0,5,9035138,9546187
ENSG00000143546,6279,S100A8,2.43773285441967,2.43773285441967,0,0,1,153362508,153363664
ENSG00000198886,4538,ND4,2.43294218795422,0,2.43294218795422,0,MT,10760,12137
ENSG00000075218,51512,GTSE1,2.43260660524626,2.43260660524626,0,0,22,46692638,46726707
ENSG00000276547,56101,PCDHGB5,2.41839643287856,2.41839643287856,0,0,NA,NA,NA
ENSG00000205089,645121,CCNI2,2.41674963450022,1.28679191898073,1.87811999659939,0,5,132083137,132089856
ENSG00000269313,79917,MAGIX,2.41226869835672,2.41226869835672,0,0,HG1436_HG1432_PATCH,49022242,49026896
ENSG00000213889,147699,PPM1N,2.4039052728583,2.4039052728583,0,0,19,45992035,46005768
ENSG00000248712,283152,CCDC153,2.39394519327314,2.39394519327314,0,0,11,119060347,119067479
ENSG00000065833,4199,ME1,2.38566794376075,0,1.78031645054989,1.34002465855095,6,83920108,84140797
ENSG00000180549,2529,FUT7,2.36889458554973,0,2.36889458554973,0,9,139924626,139927462
ENSG00000162882,23498,HAAO,2.3677455579116,2.3677455579116,0,0,2,42994229,43019733
ENSG00000275895,7307,U2AF1,2.35075679063201,2.35075679063201,0,0,NA,NA,NA
ENSG00000228253,4509,ATP8,2.34429468432212,0,2.34429468432212,0,MT,8366,8572
ENSG00000140488,60677,CELF6,2.3437883713611,2.3437883713611,0,0,15,72577068,72612470
ENSG00000159388,7832,BTG2,2.33722934748379,2.33722934748379,0,0,1,203274619,203278730
ENSG00000268041,390937,LOC390937,2.33447132208438,0,2.33447132208438,0,19,42412671,42414249
ENSG00000113389,4883,NPR3,2.32204966682675,0,0,2.32204966682675,5,32689176,32791819
ENSG00000178860,9242,MSC,2.31453432194423,0,2.31453432194423,0,8,72753784,72756703
ENSG00000232268,390037,OR52I1,2.30607540007881,0,2.30607540007881,0,11,4615037,4616243
ENSG00000104921,2208,FCER2,2.30144090586765,0,2.30144090586765,0,19,7753644,7767032
ENSG00000128218,29802,VPREB3,2.2842266498346,0,2.2842266498346,0,22,24094930,24096655
ENSG00000004799,5166,PDK4,2.2791010473053,0,2.2791010473053,0,7,95212811,95225803
ENSG00000147689,84985,FAM83A,2.27811041725266,0,2.27811041725266,0,8,124191200,124222314
ENSG00000166105,112937,GLB1L3,2.27745483910918,0,2.27745483910918,0,11,134144139,134189458
ENSG00000118432,1268,CNR1,2.26806100516022,0,2.26806100516022,0,6,88849583,88876078
ENSG00000168913,375704,ENHO,2.26359610511668,0,2.26359610511668,0,9,34521038,34523039
ENSG00000170525,5209,PFKFB3,2.26194201822945,2.26194201822945,0,0,10,6186881,6277495
ENSG00000176890,7298,TYMS,2.25211699687311,0,2.25211699687311,0,18,657604,673578
ENSG00000182809,1397,CRIP2,2.24716242097757,0,2.24716242097757,0,14,105939299,105946499
ENSG00000177602,83903,HASPIN,2.24210306653008,2.24210306653008,0,0,17,3627211,3630067
ENSG00000152078,148534,TMEM56,2.24086478168692,0,2.24086478168692,0,1,95582894,95663163
ENSG00000077152,29089,UBE2T,2.23751988081477,0,2.23751988081477,0,1,202300785,202311108
ENSG00000164087,25886,POC1A,2.23233777521132,0,2.23233777521132,0,3,52109269,52188706
ENSG00000226174,647310,TEX22,2.19470607374874,0,0,2.19470607374874,14,105864916,105916443
ENSG00000196411,2050,EPHB4,2.17761967994881,2.17761967994881,0,0,7,100400187,100425121
ENSG00000142627,1969,EPHA2,2.1726970115965,2.1726970115965,0,0,1,16450832,16482582
ENSG00000159231,874,CBR3,2.17088425690203,0,2.17088425690203,0,21,37507210,37518864
ENSG00000180071,253650,ANKRD18A,2.16854713192075,2.16854713192075,0,0.90506506487209,9,38540566,38620657
ENSG00000049247,10911,UTS2,2.16163741842454,0,2.16163741842454,0,1,7903143,7913572
ENSG00000133460,66035,SLC2A11,2.1520073365275,2.1520073365275,0,0,22,24198890,24228496
ENSG00000093009,8318,CDC45,2.1469305396412,0,2.1469305396412,0,22,19466982,19508135
ENSG00000241404,80864,EGFL8,2.14255550361107,2.14255550361107,0,0,6,32132360,32136058
ENSG00000176845,284207,METRNL,2.14065984117841,2.14065984117841,0,0,17,81037567,81052864
ENSG00000169994,4648,MYO7B,2.12445674939147,0,2.12445674939147,0,2,128293378,128395304
ENSG00000099282,23555,TSPAN15,2.12243097153272,0,2.12243097153272,0,10,71211229,71267425
ENSG00000197705,57565,KLHL14,2.11844001998634,0,2.11844001998634,0,18,30252634,30353025
ENSG00000144655,64651,CSRNP1,2.11699480115122,0.72242536319513,2.11699480115122,0,3,39183346,39196053
ENSG00000124215,60437,CDH26,2.11679936050762,2.11679936050762,0,0,20,58533471,58609066
ENSG00000106366,5054,SERPINE1,2.11494643866873,0,2.11494643866873,0,7,100770370,100782547
ENSG00000136367,85446,ZFHX2,2.10113532229662,0,2.10113532229662,0,14,23990066,24025401
ENSG00000186047,220107,DLEU7,2.09791302005375,0,0,2.09791302005375,13,51285144,51418075
ENSG00000092758,1299,COL9A3,2.09671363871081,1.18262580410312,1.77293073720889,0,20,61447596,61472511
ENSG00000197520,400823,FAM177B,2.09430530181932,0,2.09430530181932,0,1,222910549,222924147
ENSG00000275395,8857,FCGBP,2.09282903795612,0,0,2.09282903795612,NA,NA,NA
ENSG00000114631,50512,PODXL2,2.09022894897875,0,2.09022894897875,0,3,127348024,127391652
ENSG00000184984,1133,CHRM5,2.08846650449563,0.846349766831586,2.08846650449563,0,15,34260921,34357291
ENSG00000100321,9145,SYNGR1,2.08776275321673,2.08776275321673,0,0,22,39745930,39781593
ENSG00000103485,23475,QPRT,2.08711751102882,2.08711751102882,0,0,16,29674600,29710020
ENSG00000222009,149478,BTBD19,2.07959686674607,0,2.07959686674607,0,1,45274154,45281257
ENSG00000140859,3801,KIFC3,2.07767175367492,2.07767175367492,0,0,16,57792129,57896957
ENSG00000081377,8555,CDC14B,2.074925257975,0,2.074925257975,0,9,99252523,99382112
ENSG00000099377,80270,HSD3B7,2.07342067810384,2.07342067810384,0,0,16,30996519,31000473
ENSG00000169507,151258,SLC38A11,2.06391146619188,2.06391146619188,0,0,2,165752696,165812035
ENSG00000173269,79812,MMRN2,2.05894589852326,1.39285144120032,1.47822361927481,0,10,88695297,88729238
ENSG00000144645,114884,OSBPL10,2.05853362411478,0,2.05853362411478,0,3,31699382,32119072
ENSG00000204520,100507436,MICA,2.04327454257963,0,2.04327454257963,0,6,31371356,31383092
ENSG00000164953,91147,TMEM67,2.03836327055917,1.15144284086426,1.77026874302262,0,8,94767072,94831462
ENSG00000132965,241,ALOX5AP,2.01930344991123,0,2.01930344991123,0,13,31309645,31338556
ENSG00000088827,6614,SIGLEC1,2.01568428030301,0,2.01568428030301,0,20,3667617,3687775
ENSG00000062524,4058,LTK,2.01444929829929,0,2.01444929829929,0,15,41795836,41806085
ENSG00000162383,6512,SLC1A7,2.01400719698787,2.01400719698787,0,0,1,53552855,53608289
ENSG00000164512,79722,ANKRD55,2.00932821036761,2.00932821036761,0,0,5,55395507,55529186
ENSG00000164850,2852,GPER1,2.00739976392926,1.42629160458488,1.40742591309966,0,7,1121844,1133451
ENSG00000127124,59269,HIVEP3,2.00513823450664,0,2.00513823450664,0,1,41972036,42501596
ENSG00000126947,51309,ARMCX1,2.00368754717088,2.00368754717088,0,0,X,100805514,100809683
ENSG00000173578,2829,XCR1,2.00338593321926,0,0,2.00338593321926,3,46058516,46069234
ENSG00000198899,4508,ATP6,2.00237633432424,0,2.00237633432424,0,MT,8527,9207
ENSG00000135503,91,ACVR1B,2.00010398401118,1.66839698794201,1.19881778645401,0,12,52345451,52390862
ENSG00000024526,55635,DEPDC1,1.99667977796533,1.99667977796533,0,0,1,68939835,68962904
ENSG00000136114,55901,THSD1,1.99360616050702,1.99360616050702,0,0,13,52951305,52980629
ENSG00000183117,64478,CSMD1,1.99221822558136,1.99221822558136,0,0,8,2792875,4852494
ENSG00000158528,55607,PPP1R9A,1.98484448009775,0,1.98484448009775,0,7,94536514,94925727
ENSG00000198938,4514,COX3,1.97913755385897,0,1.97913755385897,0,MT,9207,9990
ENSG00000035499,55789,DEPDC1B,1.9673546599158,1.9673546599158,0,0,5,59892739,59996017
ENSG00000139899,643866,CBLN3,1.96600285776585,0,1.96600285776585,0,14,24895738,24900160
ENSG00000033122,57554,LRRC7,1.96065769009133,1.96065769009133,0,0,1,70034081,70617628
ENSG00000154734,9510,ADAMTS1,1.95993736742233,0,1.95993736742233,0,21,28208066,28217728
ENSG00000078795,27039,PKD2L2,1.95720920064849,0,1.95720920064849,0,5,137223657,137278436
ENSG00000127329,5787,PTPRB,1.95466330359675,1.95466330359675,0,0,12,70910630,71031220
ENSG00000128165,79924,ADM2,1.94719498855618,0,1.94719498855618,0,22,50919985,50924869
ENSG00000114107,80321,CEP70,1.93540078777411,0,1.93540078777411,0,3,138213186,138313380
ENSG00000187912,388512,CLEC17A,1.92521166960246,0,1.92521166960246,0,19,14693896,14721969
ENSG00000099194,6319,SCD,1.9223594193063,1.9223594193063,0,0,10,102106881,102124591
ENSG00000168004,117245,HRASLS5,1.92033984755801,1.92033984755801,0,0,11,63228876,63258666
ENSG00000124882,2069,EREG,1.91421020671397,1.91421020671397,0,0,4,75230860,75254468
ENSG00000087258,2775,GNAO1,1.91109594363668,0,1.91109594363668,0,16,56225302,56391356
ENSG00000165272,360,AQP3,1.90184408757492,0,1.90184408757492,0,9,33441152,33447609
ENSG00000168209,54541,DDIT4,1.90084146060836,1.90084146060836,0,0,10,74033678,74035794
ENSG00000138829,2201,FBN2,1.90015576007384,1.90015576007384,0,0,5,127593601,127994878
ENSG00000206140,645426,TMEM191C,1.89769218584109,0,0,1.89769218584109,22,21820712,21825558
ENSG00000116983,51440,HPCAL4,1.88975031961659,1.88975031961659,0,0,1,40144320,40157361
ENSG00000188290,57801,HES4,1.88132818619698,0,1.88132818619698,0,1,934342,935552
ENSG00000185386,5600,MAPK11,1.87905793154894,0,1.87905793154894,0,22,50702142,50709196
ENSG00000221866,91584,PLXNA4,1.86957005735319,1.86957005735319,0,0,7,131808091,132333447
ENSG00000101974,286410,ATP11C,1.86455249400599,1.86455249400599,0,0,X,138808505,139027435
ENSG00000136867,1318,SLC31A2,1.85948056240097,0,1.85948056240097,0,9,115913222,115926417
ENSG00000112303,8875,VNN2,1.85682676506847,0,1.85682676506847,0.656532679684161,6,133065009,133084598
ENSG00000164638,222962,SLC29A4,1.85669044037953,0,0,1.85669044037953,7,5314000,5346501
ENSG00000183087,2621,GAS6,1.83960860956914,1.83960860956914,0,0.903283289368121,13,114523522,114567046
ENSG00000050628,5733,PTGER3,1.83717669989366,0,1.83717669989366,0,1,71318036,71513491
ENSG00000188313,5359,PLSCR1,1.83392920191844,0,1.83392920191844,0,3,146232967,146262651
ENSG00000060140,55359,STYK1,1.83062103166227,1.83062103166227,0,0,12,10771538,10826917
ENSG00000160447,29941,PKN3,1.82287811126729,1.82287811126729,0,0,9,131464802,131483197
ENSG00000149243,283212,KLHL35,1.8218006093803,0,1.8218006093803,0,11,75133438,75141674
ENSG00000171049,2358,FPR2,1.82165284885528,0,1.82165284885528,0,19,52255279,52273779
ENSG00000254870,100532737,ATP6V1G2-DDX39B,1.81626195735565,1.81626195735565,0,0,6,31497996,31514385
ENSG00000155893,92370,PXYLP1,1.81489779635845,0,1.81489779635845,0,3,140947568,141013748
ENSG00000163568,9447,AIM2,1.81050842736155,0,1.81050842736155,0,1,159032274,159116886
ENSG00000108679,3959,LGALS3BP,1.80944540399753,0,1.80944540399753,0,17,76967320,76976191
ENSG00000072163,55679,LIMS2,1.80549069265733,0,1.80549069265733,0,2,128395956,128439360
ENSG00000162366,10158,PDZK1IP1,1.80113538040006,1.80113538040006,0,0,1,47649265,47656716
ENSG00000002745,51384,WNT16,1.80103143428043,1.80103143428043,0,0,7,120965421,120981158
ENSG00000174348,127435,PODN,1.79541557339464,1.79541557339464,0,0,1,53527854,53551174
ENSG00000168502,23255,MTCL1,1.78973872607117,0,0,1.78973872607117,18,8705659,8832776
ENSG00000182230,202134,FAM153B,1.78866891146405,0,0,1.78866891146405,5,175487692,175559261
ENSG00000205593,414918,DENND6B,1.7878557397049,1.7878557397049,0,0,22,50747459,50765489
ENSG00000170298,284194,LGALS9B,1.78587724554524,0,1.78587724554524,0,17,20352708,20370852
ENSG00000164283,11082,ESM1,1.78389622431323,0,0,1.78389622431323,5,54273692,54318499
ENSG00000008283,1534,CYB561,1.78214583441694,1.78214583441694,0,0,17,61509665,61523739
ENSG00000213123,255758,TCTEX1D2,1.77203307342779,0,1.77203307342779,0,3,196018090,196045170
ENSG00000172296,55304,SPTLC3,1.76742960865043,1.76742960865043,0,0,20,12989627,13147411
ENSG00000104327,793,CALB1,1.76564512910436,1.76564512910436,0,0,8,91070836,91107703
ENSG00000154263,10349,ABCA10,1.76298914724558,1.21945870678697,1.44571451040823,0,17,67143355,67240987
ENSG00000198804,4512,COX1,1.75796009031612,0,1.75796009031612,0,MT,5904,7445
ENSG00000117009,8564,KMO,1.75523387014513,0,1.75523387014513,0,1,241695434,241758944
ENSG00000129116,23022,PALLD,1.74651585554441,1.74651585554441,0,0,4,169418217,169849608
ENSG00000143365,6097,RORC,1.74154506711925,0,1.74154506711925,0,1,151778547,151804348
ENSG00000120662,9617,MTRF1,1.73781318785234,0,1.73781318785234,0,13,41790505,41837742
ENSG00000121903,7579,ZSCAN20,1.73750059563153,0.72272361071072,1.73750059563153,0,1,33938246,33962107
ENSG00000106565,28959,TMEM176B,1.73542445722563,0,0,1.73542445722563,7,150488373,150498448
ENSG00000002587,9957,HS3ST1,1.73522750885589,0,1.73522750885589,0,4,11394774,11431389
ENSG00000174928,285315,C3orf33,1.72267860272608,0,0,1.72267860272608,3,155480401,155524140
ENSG00000151150,288,ANK3,1.71958244634465,1.26434571083419,1.36005716760022,0,10,61786056,62493248
ENSG00000148225,114987,WDR31,1.71414662698396,1.71414662698396,0,0,9,116075502,116102578
ENSG00000112486,1235,CCR6,1.70621417458916,0,1.70621417458916,0,6,167525295,167553184
ENSG00000137757,838,CASP5,1.70587184537021,0.882487892330808,1.70587184537021,0,11,104864962,104893895
ENSG00000064270,9914,ATP2C2,1.69511593612331,1.69511593612331,0,0,16,84402133,84497793
ENSG00000122733,23349,PHF24,1.69484697599387,0,1.69484697599387,0,9,34957484,34982541
ENSG00000258839,4157,MC1R,1.69159900807423,1.69159900807423,0,0,16,89978527,89987385
ENSG00000144935,7220,TRPC1,1.68913686886164,0,1.68913686886164,0,3,142442916,142526730
ENSG00000081026,260425,MAGI3,1.68540136859032,1.68540136859032,0,0,1,113933371,114228545
ENSG00000189077,83862,TMEM120A,1.68428590414408,1.68428590414408,0,0,7,75616155,75623977
ENSG00000116675,9829,DNAJC6,1.68097493028459,0,1.68097493028459,0,1,65713902,65881552
ENSG00000196456,285971,ZNF775,1.67583216121774,1.19195380986886,1.40595394497889,0,7,150065879,150109558
ENSG00000092096,51310,SLC22A17,1.6702460461597,0,0,1.6702460461597,14,23815515,23822121
ENSG00000125434,399512,SLC25A35,1.66334566807253,1.66334566807253,0,0,17,8191081,8198661
ENSG00000204983,5644,PRSS1,1.66189702912069,1.66189702912069,0,0,7,142457319,142460923
ENSG00000082196,114899,C1QTNF3,1.65509749441307,0,1.65509749441307,0,5,34019553,34043937
ENSG00000136689,3557,IL1RN,1.65095982620939,0,1.65095982620939,0,2,113864791,113891593
ENSG00000105370,3982,LIM2,1.64643491462783,1.64643491462783,0,0,19,51883163,51891214
ENSG00000167105,162461,TMEM92,1.64544713100374,1.64544713100374,0,0,17,48348767,48358844
ENSG00000018280,6556,SLC11A1,1.64525268681334,1.43826144135503,1.14391767693034,0,2,219246752,219261617
