ENSEMBL,SYMBOL,pi_C1_C5_C7,pi_C10_C18_C19,pi_C9_C12_C15,chr,start_pos,end_pos,variant_loc,cms_score,related_genes
ENSG00000164309,CMYA5,1.2549480340838,1.51071566522194,8.03253977320068,chr5,78985700,79096063,chr5:79086316,14.6114,CMYA5
ENSG00000175445,LPL,1,1,6.14892389246556,chr8,19759228,19824769,chr8:19783233,6.6163,INTS10 & LPL
ENSG00000172403,SYNPO2,1,1,4.23209896006055,chr4,119809996,119982402,chr4:119877359,11.4505,SYNPO2
ENSG00000258790,NA,1,1,2.83405163233078,chr14,35591755,35786680,chr14:35775561,17.7992,KIAA0391 & NFKBIA & PSMA6
ENSG00000187498,COL4A1,1,1,2.63229114848472,chr13,110801318,110959496,chr13:110847190,7.65729,COL4A1 & LOC105370361
ENSG00000172331,BPGM,1,1,2.42309161670094,chr7,134331560,134364565,chr7:134335107,6.04237,AKR1B15 & BPGM
ENSG00000110693,SOX6,1,1,2.16450497585338,chr11,15987995,16761138,chr11:16187609,9.45162,SOX6
ENSG00000110693,SOX6,1,1,2.16450497585338,chr11,15987995,16761138,chr11:16216688,9.4017,SOX6
ENSG00000133121,STARD13,1,1,1.95289894903865,chr13,33677272,33924767,chr13:33866133,6.42116,LINC02344 & STARD13 & STARD13-AS
ENSG00000021645,NRXN3,1,1.57697726370065,1.89933026507358,chr14,78708734,80330762,chr14:80052037,7.80865,NRXN3
ENSG00000021645,NRXN3,1,1.57697726370065,1.89933026507358,chr14,78708734,80330762,chr14:78786133,6.34094,NRXN3
ENSG00000198838,RYR3,1,1,1.88373519954927,chr15,33603163,34158303,chr15:34026710,15.4806,RYR3
ENSG00000198838,RYR3,1,1,1.88373519954927,chr15,33603163,34158303,chr15:33995174,9.14038,RYR3
ENSG00000029534,ANK1,1,1,1.75645680488156,chr8,41510739,41754280,chr8:41690732,9.15444,ANK1 & KAT6A
ENSG00000169752,NRG4,1,1,1.70642228773106,chr15,76228310,76352136,chr15:76278367,8.90534,FBXO22 & NRG4 & TMEM266 & UBE2Q2
ENSG00000147862,NFIB,1,1,1.69111568689599,chr9,14081842,14398982,chr9:14393854,6.95392,NFIB
ENSG00000162572,SCNN1D,1,1,1.63173123667479,chr1,1215816,1227409,chr1:1220425,8.17316,ACAP3 & AURKAIP1 & B3GALT6 & C1QTNF12 & CPTP & DVL1 & INTS11 & MIR6726 & MIR6727 & MIR6808 & MXRA8 & PUSL1 & SCNN1D & SDF4 & SNORD167 & TAS1R3 & TNFRSF18 & TNFRSF4 & TTLL10 & UBE2J2
ENSG00000165061,ZMAT4,1,1,1.60252218502987,chr8,40388109,40755352,chr8:40643406,9.18444,ZMAT4
ENSG00000196159,FAT4,1,1,1.58037207456183,chr4,126237554,126414087,chr4:126392486,6.35667,FAT4 & MIR2054
ENSG00000107242,PIP5K1B,1,1,1.578665113906,chr9,71320575,71624092,chr9:71566847,8.33387,FXN & LOC101927069 & PIP5K1B & PRKACG
ENSG00000107242,PIP5K1B,1,1,1.578665113906,chr9,71320575,71624092,chr9:71362941,7.98318,FAM122A & PIP5K1B
ENSG00000144724,PTPRG,1,1,1.55554123360081,chr3,61547243,62283288,chr3:61931534,8.64512,PTPRG
ENSG00000205726,ITSN1,1,1,1.52017982793779,chr21,35014706,35272165,chr21:35254287,8.11322,ATP5PO & ITSN1 & LINC00649 & LOC101928126
