ENSEMBL,logFC,P.Value
ENSG00000267228,-4.10202335674088,0.00494130888586039
ENSG00000265118,3.4284031471035,0.00944685075669472
ENSG00000088827,2.94121708352062,0.00892708041079693
ENSG00000281887,3.97508405150012,0.0392965868207484
ENSG00000101447,2.23410703740259,0.00320804852521678
ENSG00000142494,2.58474765903173,0.00792191707429672
ENSG00000166762,-1.67696151972686,0.000649717316055293
ENSG00000284952,-2.91845286767147,0.022326019599788
ENSG00000105948,2.29559130271533,0.0082838036168676
ENSG00000281028,2.79234018926598,0.0246063040919488
ENSG00000100433,2.18712346865844,0.0121512110778693
ENSG00000124507,1.75581891418368,0.00430939538206346
ENSG00000135547,-2.35500072595838,0.0183973469455847
ENSG00000130489,2.0918248219241,0.0116368441999532
ENSG00000184916,2.43993950234796,0.0249635918001401
ENSG00000261459,-3.13449264881583,0.0580624513821332
ENSG00000183087,1.3108772971796,0.0011671828775625
ENSG00000228570,-2.18454417675325,0.0179077913197896
ENSG00000237541,-2.78871877014173,0.0450909493058664
ENSG00000204001,-2.88998480100948,0.0560056548344284
ENSG00000250264,2.19403859250729,0.0231718583754749
ENSG00000116983,1.92888358206154,0.0143720234847699
ENSG00000180071,2.0253380965261,0.0178431260959913
ENSG00000163491,-1.89943163334138,0.0143723516557168
ENSG00000150967,1.77824710681042,0.0109227933932923
ENSG00000284922,2.47055981945821,0.0401075561432023
ENSG00000235169,2.1661806469999,0.027613734499307
ENSG00000160201,-3.01813121066595,0.0829312080577723
ENSG00000179761,1.29794976341033,0.00325808497133557
ENSG00000125618,2.72300766717619,0.0695925262991959
ENSG00000155542,2.05579579453636,0.0298063257532176
ENSG00000240764,-2.09325221265597,0.0319194689996748
ENSG00000185386,1.56193295381603,0.00997236514958265
ENSG00000255152,2.2220008346457,0.0402082545455073
ENSG00000037897,1.39293880028301,0.00608311955129014
ENSG00000164850,1.51099013055068,0.0103187610798508
ENSG00000147889,-1.62690873234306,0.0153343137786744
ENSG00000184828,1.84698175946877,0.0261244231763502
ENSG00000177602,1.64370716675117,0.016771177389321
ENSG00000203989,-2.9188146599183,0.100576287286259
ENSG00000260238,-2.17112870787295,0.0458752996307169
ENSG00000128165,1.91438582362789,0.0305656289707044
ENSG00000105711,1.38584121263967,0.00826740820548582
ENSG00000070018,1.56729204544789,0.0151048404101939
ENSG00000260861,1.92936984986352,0.0367295058329865
ENSG00000146955,1.59003723079694,0.0212698235415102
ENSG00000205593,1.01316056860992,0.00241631620765953
ENSG00000110944,1.59724849497679,0.0228013168988551
ENSG00000002745,-1.21930983536212,0.00750025699422618
ENSG00000197915,-1.52705282614474,0.0202109361610157
ENSG00000078814,1.4548393930257,0.0168053019060114
ENSG00000119865,1.48585642293655,0.0188754893106962
ENSG00000196208,-1.74720619590452,0.0355890012949428
ENSG00000115155,2.21680601012934,0.0729193820754563
ENSG00000196993,-2.22456676240012,0.0746906922487749
ENSG00000099958,1.72645860561022,0.035585063050022
ENSG00000135862,1.23689385651898,0.00986062674667922
ENSG00000204839,1.33256548586852,0.0137457821946401
ENSG00000283528,2.32757417212277,0.0880153099887297
ENSG00000255374,2.23019908200102,0.0792922996823029
ENSG00000184659,-1.69299806513033,0.0359854697440986
ENSG00000163380,-1.15250923620646,0.00775637713426255
ENSG00000272636,1.80215007731334,0.0467219692362645
ENSG00000183690,-1.1890269594263,0.00986955045696378
ENSG00000004809,1.29507558141236,0.0150967293029344
ENSG00000179698,1.2295298218027,0.0121321566157856
ENSG00000164512,1.42297714900749,0.0231305331246685
ENSG00000108556,1.44344684687042,0.0244464541690421
ENSG00000172058,2.05162065903269,0.0736521601242158
ENSG00000033122,-1.24456492642985,0.0142621780920752
ENSG00000130513,1.61165622386318,0.0378733210839499
ENSG00000213988,-1.87585331161631,0.0607512280877464
ENSG00000162526,1.63759111551374,0.0410785322631583
ENSG00000167618,-2.06322707468445,0.0794375369845088
ENSG00000162594,1.75586636562207,0.0511635784978835
ENSG00000129422,1.78613044725996,0.0542215396981064
ENSG00000183117,1.93041858692376,0.0677450551412694
ENSG00000137941,-1.3220468368027,0.0215133723640063
ENSG00000147813,1.01368628116258,0.00696881261634818
ENSG00000108771,1.17901616227849,0.0143011528944003
ENSG00000213648,1.34540399925356,0.0242776197383954
ENSG00000135541,-1.12126371637617,0.0116180102524142
ENSG00000140675,-1.46874652645511,0.0335569880537211
ENSG00000183281,1.1731451814967,0.0142858733293032
ENSG00000142089,1.94728246945245,0.078196091056409
ENSG00000188313,1.33700219478399,0.0249312559925436
ENSG00000228278,2.17081946807336,0.10503313701372
ENSG00000174482,-1.627127740668,0.0496303980688569
ENSG00000111057,1.42455837261009,0.0331749199965462
ENSG00000120903,0.841427811721865,0.00316841860559216
ENSG00000143630,-1.42890754015494,0.0341737106080181
ENSG00000109762,-0.832166360737336,0.00318436833743186
ENSG00000269313,1.22316234427109,0.0205296140017456
ENSG00000213213,1.82033610037897,0.0737549817101583
ENSG00000260286,-2.05224451475026,0.0992447155874762
ENSG00000186395,-1.12828402679311,0.0151928507651145
ENSG00000140470,1.38313934351308,0.0330558169201804
ENSG00000133216,1.54292127538127,0.0475156079288955
ENSG00000129810,-0.928272347433393,0.00634964150456042
ENSG00000160223,1.28441737362392,0.0265895183306194
ENSG00000174807,1.84308661990917,0.0799099729882244
ENSG00000064270,-1.64042803574003,0.0592780816604963
ENSG00000141448,-1.89772830722155,0.0874690357939696
ENSG00000020577,1.08617418566616,0.0146455281533956
ENSG00000137757,1.50452740892758,0.0477272115534157
ENSG00000161692,0.992665239662831,0.0100879515887896
ENSG00000078081,1.76431735592976,0.0795189656694271
ENSG00000205089,1.26003087417332,0.0291168238601902
ENSG00000065833,1.31930462025152,0.0341889962254514
ENSG00000198963,-1.73158174676734,0.0765523899441369
ENSG00000198520,0.967966987784356,0.0102666460105973
ENSG00000178718,1.03036085974944,0.0136872168989087
ENSG00000099377,1.33923350705637,0.0369105443946854
ENSG00000105426,1.14002209932497,0.0220397308316682
ENSG00000102796,0.918383060199428,0.00885252661829833
ENSG00000126709,1.68591674537418,0.0777793725464203
ENSG00000274349,1.20368541830378,0.02813542455017
ENSG00000189051,-1.3092865528217,0.0384003069591951
ENSG00000112053,1.56195071802812,0.0653903635298779
ENSG00000156510,1.64118476901572,0.0749084680261957
ENSG00000137571,1.35396300354282,0.0432418524304109
ENSG00000104432,-1.42450485637877,0.0508181684401251
ENSG00000113368,1.03333804930746,0.0166274278977234
ENSG00000185745,1.92197622151735,0.110780267206561
ENSG00000104177,-0.942511274721379,0.0114050752806475
ENSG00000152766,1.44651546688593,0.0545837170358779
ENSG00000107281,1.28238323805716,0.038979359833118
ENSG00000108679,1.21653468724994,0.0332587791642536
ENSG00000170365,1.12093149298591,0.0252432983018705
ENSG00000019144,1.4997045780135,0.0639579542519133
ENSG00000142627,1.48094174683879,0.062223340479921
ENSG00000120725,0.619164086295628,0.00130853371287716
ENSG00000173269,-1.17061855299456,0.0299197971724806
ENSG00000278224,1.38481624792595,0.0517723476602528
ENSG00000136689,1.24181167604034,0.0374296584098984
ENSG00000168955,-1.42534725189556,0.0571852524085265
ENSG00000264324,-1.93011234791951,0.122584886407156
ENSG00000134765,1.72304772796314,0.0956291787471294
ENSG00000168781,-0.914322873475558,0.0121440251321927
ENSG00000179921,0.84272005504899,0.00837399358623293
ENSG00000092621,1.47854908226098,0.0661499657617326
ENSG00000240403,1.67073762861244,0.0910384455334354
ENSG00000110057,0.932852955412788,0.0137193534762464
ENSG00000183628,1.2940220956763,0.0457867754449587
ENSG00000153157,1.67718521248984,0.0936450600674732
ENSG00000157240,0.853089815909317,0.00956515613096246
ENSG00000168062,1.47191836948621,0.0683381006303729
ENSG00000151065,-0.731170488742459,0.00460325488664879
ENSG00000138772,1.45649295914657,0.0675016582931899
ENSG00000100884,1.38717235274622,0.0597692585067915
ENSG00000158220,-1.20357433755087,0.0389673741106985
ENSG00000184434,-1.16221640260052,0.0355934173895405
ENSG00000145423,-1.6017151469164,0.0921902104504106
ENSG00000269743,-0.780219071708476,0.00753596681051621
ENSG00000181143,1.93412642255148,0.141042556857191
ENSG00000104497,-0.826134061161071,0.0102095450597759
ENSG00000074590,-1.69821238264405,0.10774704157906
ENSG00000251201,1.83796144250154,0.128322342042753
ENSG00000050327,1.05607989122818,0.0281498079568526
ENSG00000144130,1.63550447793899,0.0998017371104491
ENSG00000182195,1.42662500433841,0.0726686006302919
ENSG00000160883,0.866050073026474,0.0135197812133294
ENSG00000062524,1.27602250834184,0.0541230961283446
ENSG00000197653,1.43611560770558,0.0750260824635813
ENSG00000162882,0.941296737840117,0.0193582191204065
ENSG00000132517,1.46684815863261,0.079820308068596
ENSG00000203852,1.89250594681179,0.141106013582306
ENSG00000151650,0.954094366156425,0.0209234631144628
ENSG00000156564,1.59077666684723,0.0987483836009608
ENSG00000130433,1.53695249366141,0.0919612732265848
ENSG00000106366,1.46737359293853,0.0828508807635678
ENSG00000149571,1.29843851665404,0.0602078390786975
ENSG00000270106,1.83929170002448,0.138162673911192
ENSG00000110079,1.1578079267594,0.0436261759882152
ENSG00000143546,1.19557652695482,0.0483467868219693
ENSG00000205846,1.16956187632013,0.046018950321223
ENSG00000257017,1.17267830043365,0.0470101600032471
ENSG00000109272,1.40834619928151,0.0792434508879543
ENSG00000128383,1.14038897191175,0.0439178664566759
ENSG00000180061,0.912808888840239,0.0208231024023869
ENSG00000149582,1.07386437181518,0.037839654425146
ENSG00000135245,1.13326858774063,0.0450817108056984
ENSG00000185507,0.980757684600768,0.0280877681048093
ENSG00000102001,1.29888717991949,0.0673911713626204
ENSG00000204525,-1.8068696430306,0.144352780329974
ENSG00000206077,-1.52460416282253,0.101580337118533
ENSG00000134326,1.4920094860528,0.0968485049004683
ENSG00000118298,1.17610853636157,0.0518311589061981
ENSG00000164309,-1.20655278409218,0.0559638420313922
ENSG00000082397,0.853881599778826,0.0170634607913938
ENSG00000223865,-1.07500105466505,0.0394311144976611
ENSG00000160191,1.43103704960457,0.0886096891685783
ENSG00000254709,1.59041845382315,0.113486690631538
ENSG00000154380,-1.39817186692707,0.0844684678225567
ENSG00000184716,-1.42358510181745,0.0887785672508341
ENSG00000198938,-0.691002820787117,0.00689018513486809
ENSG00000167105,1.51955705802944,0.104066721048114
ENSG00000122121,-1.31608417906213,0.0734006120280609
ENSG00000103647,1.55846607789734,0.111426601917019
ENSG00000169679,1.18047228396114,0.0553368139202636
ENSG00000111331,1.42316068500231,0.0919191774371753
ENSG00000167968,1.25381597776603,0.0666131566281196
ENSG00000164764,-0.897097302952294,0.0233762909976876
ENSG00000137959,1.70774043599047,0.139876114659817
ENSG00000148225,-1.40776716436818,0.0933344707867246
ENSG00000154263,-0.891171061811589,0.0236465770851161
ENSG00000187775,0.949177486861096,0.0303243315638323
ENSG00000048462,1.59469248854522,0.125317272917937
ENSG00000144152,1.10114185211626,0.0498507502881529
ENSG00000137962,1.23244953187634,0.0688231527750066
ENSG00000170525,1.0654016188632,0.045502899849267
ENSG00000138646,1.46837586486273,0.106673933805618
ENSG00000148848,1.15337138386238,0.0579202787919214
ENSG00000075702,0.941016015213638,0.0306924122694557
ENSG00000198892,-1.37732205774425,0.0928176839918371
ENSG00000131721,1.77902768877412,0.15897773072628
ENSG00000110203,1.3649087426771,0.0916771385265092
ENSG00000143473,1.45448086980858,0.106926079412206
ENSG00000278463,1.57559573304074,0.127321579674712
ENSG00000181963,1.30446417123251,0.0835964978001077
ENSG00000167900,1.10362022408012,0.0541744899985827
ENSG00000283088,1.68696146814462,0.148937721253448
ENSG00000158528,1.41649775852183,0.10380387432025
ENSG00000149131,1.40409675046104,0.101842888408215
ENSG00000275895,0.904932618735165,0.0292777104871858
ENSG00000089685,1.43343344873171,0.1082983321612
ENSG00000204644,-1.67982620771468,0.152212615630139
ENSG00000051128,0.920122963267171,0.0322873940612921
ENSG00000148082,1.42436329985268,0.109230951641431
ENSG00000163221,1.30067982495954,0.088948014361253
ENSG00000124145,1.07942644598935,0.0550031391843351
ENSG00000164953,-0.966597306069139,0.0392190681069918
ENSG00000115129,0.793049369285016,0.0195591746906089
ENSG00000167210,1.03266906428377,0.0492271891085906
ENSG00000120279,1.00499487499192,0.0453458322453878
ENSG00000115138,1.08487405059204,0.0572207886118635
ENSG00000248712,1.23536602994677,0.0818665838918248
ENSG00000165029,1.01743002205608,0.048269023030048
ENSG00000186827,1.13745055724195,0.0665433336266442
ENSG00000186132,0.853920178974986,0.0275807157708329
ENSG00000108387,1.14827437778757,0.0695738300784168
ENSG00000165704,-0.825178943753629,0.0246200481020176
ENSG00000196576,0.855001658045254,0.0282558528094258
ENSG00000196437,-0.764338888535656,0.0187563595118701
ENSG00000145414,-0.76962243503757,0.0198609948403743
ENSG00000175164,1.26537308012538,0.0931727723862345
ENSG00000119917,1.39256352241734,0.115729914930278
ENSG00000119457,0.775853170133082,0.0208723357652193
ENSG00000134243,0.815931444571771,0.0253628820291727
ENSG00000169435,1.24030007681965,0.0892553741785773
ENSG00000160179,0.89704358903715,0.035590555222557
ENSG00000185716,-0.671586796473687,0.0116922386755757
ENSG00000133134,1.16175768226714,0.076416158988468
ENSG00000188157,1.14604876468551,0.0746973420463364
ENSG00000166527,1.10273431822091,0.0675008047010052
ENSG00000174721,-0.826183959940392,0.0274745973092068
ENSG00000274512,0.88087118370397,0.0344645054361429
ENSG00000156299,0.791435717341955,0.0240031499550855
ENSG00000125775,-1.18824800237528,0.0837240598469226
ENSG00000170264,-1.04419898343127,0.0596061754037509
ENSG00000077238,0.862385512839615,0.0329527913678601
ENSG00000089127,1.12204623979168,0.0727828154454383
ENSG00000155254,0.859738085728726,0.033037676721616
ENSG00000168273,-0.727001293440232,0.0180812583628848
ENSG00000116991,1.07669930357337,0.0674518256041605
ENSG00000151773,1.09243661831749,0.0702485137330884
ENSG00000117318,1.04302274726826,0.0624737885948678
ENSG00000116544,-1.23520687117822,0.0962036661861977
ENSG00000166974,-0.462532600386626,0.00192732111376822
ENSG00000204983,1.21945286596262,0.0934970417261069
ENSG00000171150,-0.50742389210409,0.00337662069463431
ENSG00000115170,0.708874411870578,0.0171932780470959
ENSG00000171189,-1.18878125322019,0.0886931179023135
ENSG00000056277,-0.719402204054793,0.0183854202003576
ENSG00000185156,1.05833924800395,0.0663256520374602
ENSG00000284976,0.635941622454408,0.011135275705215
ENSG00000168061,-0.862550346976862,0.0367786995504395
ENSG00000025708,0.836770194976602,0.033889939877768
ENSG00000172244,-0.792828954406964,0.0282749881049556
ENSG00000198585,0.603094368489199,0.00922576811721918
ENSG00000065485,0.956759337217585,0.0524644791618115
ENSG00000149418,0.876100902770383,0.0400439609949679
ENSG00000004799,1.06561599253539,0.072221807952961
ENSG00000182871,0.968387772553471,0.0556230117501383
ENSG00000144824,-0.933744156752788,0.050295253257419
ENSG00000130589,0.909387280879502,0.0466045379591418
ENSG00000165929,-0.746414947090608,0.0239056807798017
ENSG00000222009,1.02745225942144,0.0665342380581564
ENSG00000173867,-2.01028294355956,0.251069977950152
ENSG00000166278,1.13079007911908,0.0865452166251478
ENSG00000158163,1.35326735136118,0.130297419423338
ENSG00000146904,0.985843499371143,0.0613166497920935
ENSG00000123610,1.19419800496431,0.0998453029065914
ENSG00000121903,-0.779183738241749,0.029470578157364
ENSG00000167306,-0.881293886275088,0.0443486201768575
ENSG00000267385,1.270937852474,0.115384563042432
ENSG00000160293,0.709318480447268,0.0210419360766247
ENSG00000136717,-0.856516865397155,0.0409005321414024
ENSG00000119922,1.20193841854842,0.102719457042935
ENSG00000196459,-0.448047505375466,0.00223517439481117
ENSG00000182575,1.16238050263031,0.0962083139607994
ENSG00000119899,-0.485415038013753,0.00367907284562277
ENSG00000166341,1.17945502359726,0.0996300054828769
ENSG00000118432,1.27471079055332,0.118690742072474
ENSG00000173041,-0.769826462772371,0.0295011962136973
ENSG00000109501,0.849475306659906,0.0414785157641637
ENSG00000101057,1.23337368824189,0.112177315747152
ENSG00000169047,0.953884357759033,0.0595280737935918
ENSG00000111249,1.35079855993763,0.13741712538541
ENSG00000140025,-0.775187665955287,0.0315610504978208
ENSG00000143869,-0.942565178603371,0.0584936526468582
ENSG00000165185,0.787039720236676,0.0336257350036188
ENSG00000122970,-0.854363530153364,0.0440587858026196
ENSG00000146674,-1.29115579046898,0.12692604233228
ENSG00000148926,1.06834484726427,0.0827393807458548
ENSG00000184313,1.32574305680806,0.134309071102942
ENSG00000178053,-1.45750656552517,0.162722564908997
ENSG00000113494,0.851150445268773,0.0448556006246855
ENSG00000189233,-1.10172114933539,0.0910739605219335
ENSG00000159231,1.11527169057591,0.0939705095811028
ENSG00000213889,0.821764335319378,0.0407557937987093
ENSG00000160360,0.877343126369016,0.0499166236453962
ENSG00000101342,0.822630900412804,0.0410087796452468
ENSG00000114812,0.874457530798704,0.0496264286641932
ENSG00000176076,1.16117260229577,0.104234143388985
ENSG00000117724,0.880121609601471,0.0512805772276968
ENSG00000157833,0.787886790063234,0.0364829463697535
ENSG00000113966,-0.865396980834221,0.0490778228783265
ENSG00000160716,0.90401823775045,0.0559193611680499
ENSG00000180611,1.00462513792304,0.0750686241056246
ENSG00000119227,1.02542486029894,0.0795521707625183
ENSG00000113763,0.901702728620159,0.0567951220815229
ENSG00000106624,1.13232323728355,0.101892445965015
ENSG00000164180,-0.626231774194,0.0161804681699219
ENSG00000170425,-1.13058384941608,0.102193421614631
ENSG00000112715,0.786984580933795,0.0377989746427129
ENSG00000166086,0.946815969283663,0.0672184687753087
ENSG00000186105,-0.77951381976822,0.0377319115752874
ENSG00000168004,1.33894469865841,0.14874288224914
ENSG00000117262,-0.5981313324044,0.0140975081531373
ENSG00000138311,-1.24070360632955,0.129030065495529
ENSG00000112796,-0.965965954619743,0.0721616787309182
ENSG00000167566,0.743286832335206,0.0328442889023006
ENSG00000107130,1.08087010929897,0.09592776251759
ENSG00000008283,-0.784538246591513,0.0396263348941659
ENSG00000242852,1.49598025791349,0.185094963009318
ENSG00000174606,-0.488948978595522,0.0058068547577635
ENSG00000198865,-1.17126497385247,0.1169370987878
ENSG00000177989,0.806034620486024,0.0444743756621668
ENSG00000164654,-0.50404053330545,0.00690723281860988
ENSG00000007516,0.946866224050992,0.0708956138503634
ENSG00000099814,1.18010247858687,0.119669802404583
ENSG00000122912,-0.4237157360696,0.00271204508226344
ENSG00000029993,1.00613398286259,0.0835404831521095
ENSG00000243056,0.835727379011525,0.0505303921046276
ENSG00000121060,0.862453511807573,0.0555210307699006
ENSG00000112667,0.880728235863456,0.0591191571320973
ENSG00000260097,-1.20807602449017,0.127492794401833
ENSG00000214226,-0.852597927399958,0.0543218036315918
ENSG00000110811,1.16900451101974,0.120460400593836
ENSG00000124104,0.602172783998067,0.0168724736633194
ENSG00000161835,1.07401253652961,0.101494754930066
ENSG00000000971,-1.30223067631429,0.152208414652817
ENSG00000284874,1.39202506206526,0.171896915897894
ENSG00000100095,1.10458781264053,0.108894722526878
ENSG00000072694,1.18972038725812,0.128059387509785
ENSG00000166896,0.884517565061805,0.063209761880756
ENSG00000068724,0.527510124044915,0.00976101867736178
ENSG00000135503,0.706302811791321,0.0316359301289791
ENSG00000101977,-1.08211501476282,0.105099183447976
ENSG00000111405,0.849120304479164,0.0566422873909621
ENSG00000160326,0.710800553219903,0.0326269750855992
ENSG00000204301,0.801144230960852,0.0482632140469643
ENSG00000109771,-0.661400690878579,0.0256428899961123
ENSG00000131037,1.01993077701916,0.0930520315232255
ENSG00000184984,-0.914225672661187,0.0709006325108859
ENSG00000101188,1.26131236935912,0.148173376840821
ENSG00000163975,-1.03509781965796,0.0984973394698557
ENSG00000188056,1.20144511275627,0.137077254821838
ENSG00000162543,-0.969129803270331,0.0854608312740848
ENSG00000198840,-0.595378104932249,0.0184822975359359
ENSG00000154358,0.967602337454342,0.0859264392782271
ENSG00000055732,-1.03675948923586,0.102135136674948
ENSG00000003987,-0.672643515672504,0.0298393036527403
ENSG00000273045,0.917431908500913,0.0767133961429586
ENSG00000133460,0.601884685996035,0.0199942313196822
ENSG00000120334,-0.623480190201513,0.0229455274247561
ENSG00000133111,-0.719381021002175,0.0384529222295274
ENSG00000072163,1.06330856665856,0.110771791079471
ENSG00000149243,-0.966715871345447,0.089517791000518
ENSG00000161513,-0.765034677632184,0.0479616301026505
ENSG00000225932,1.48713565063543,0.209934990907044
ENSG00000171860,0.84100949500775,0.0633729893387023
ENSG00000127507,0.907756444869127,0.078024464562863
ENSG00000198712,-0.609757089161797,0.0224810975340587
ENSG00000148468,1.16868186042548,0.138091376648678
ENSG00000183486,0.909949251754284,0.0790164213272815
ENSG00000101986,0.638439804181787,0.0269158735906367
ENSG00000162366,-1.24693150570075,0.157476102891321
ENSG00000196878,1.01842457274219,0.105997311030676
ENSG00000213240,0.837955020583666,0.0654362115411494
ENSG00000121753,1.15899976426656,0.139606142458898
ENSG00000177575,0.712697694049838,0.0408650839755905
ENSG00000143365,1.11165101039225,0.129032506304268
ENSG00000185482,0.719257884844753,0.0423645831643713
ENSG00000107779,-0.705716221558327,0.0401256356710075
ENSG00000197355,0.790705699055317,0.0567124519555071
ENSG00000180509,0.873054133726893,0.0743841058871661
ENSG00000167695,0.845165477925025,0.068868789636271
ENSG00000175104,-0.38505331075922,0.00283485454194144
ENSG00000147138,-0.67854617106067,0.0359961266770128
ENSG00000123178,-0.710861381149024,0.0418802563426656
ENSG00000151726,1.09052578564581,0.12645559160096
ENSG00000228253,-1.01026997614866,0.107562332335747
ENSG00000281106,0.866468657601597,0.0743996693675092
ENSG00000280433,-0.754659690681511,0.0506520263263153
ENSG00000197020,-0.968494265580365,0.0978891332483312
ENSG00000083444,-0.679140116848997,0.0365314757709636
ENSG00000134463,1.01985170739223,0.11058722429839
ENSG00000151287,-0.925431418607692,0.0892047695062063
ENSG00000055955,0.8850222614856,0.0798923091034051
ENSG00000147180,-0.956714380093521,0.0966664585251734
ENSG00000132749,0.840018394919019,0.0704952063534463
ENSG00000010327,0.817187309740926,0.0655454236858522
ENSG00000187554,0.897566858537981,0.0843217250015696
ENSG00000092295,-0.956045075378701,0.0980949462198079
ENSG00000164976,-0.908986398234668,0.0872150036876428
ENSG00000257743,1.12599823769565,0.140868075510185
ENSG00000164620,-0.644773912475807,0.0326322531183241
ENSG00000101974,-0.434298665907396,0.00626815955869127
ENSG00000198429,-0.847325501160934,0.0743292944184893
ENSG00000162650,0.603643203170808,0.0260845912352587
ENSG00000232838,-0.772306068946761,0.0578693048767146
ENSG00000228486,0.79997895584174,0.0638925665434736
ENSG00000163568,0.866640648554403,0.0791288789373347
ENSG00000172936,0.609063125156616,0.027213981781812
ENSG00000152380,0.842315164532643,0.0738467906185621
ENSG00000159164,-0.891498586860593,0.0853101171301101
ENSG00000172548,0.898121878918323,0.0868918551693102
ENSG00000187116,0.836220859256794,0.0726410940223094
ENSG00000155961,-0.56136703847985,0.0201457865590808
ENSG00000130653,0.821709971666374,0.0694901193607209
ENSG00000168615,0.609281336921705,0.0277479199772585
ENSG00000197272,1.11183395575657,0.140596397068949
ENSG00000014914,0.769274651581488,0.0587547922000117
ENSG00000013392,-0.887245220326806,0.0857173646358081
ENSG00000181690,0.987711367610603,0.110105881580359
ENSG00000276644,0.916051095997707,0.0927727844550629
ENSG00000182902,0.961015983358411,0.104646066108907
ENSG00000157570,0.767574415997579,0.0598396563296359
ENSG00000206140,-1.03643482115346,0.124661560698753
ENSG00000206384,-0.634507298289371,0.0333913312898681
ENSG00000197822,-0.993407077255934,0.114518077671854
ENSG00000184986,1.1220967703126,0.147042243836557
ENSG00000107736,0.707602124938026,0.047917812887075
ENSG00000180921,0.866923004052299,0.0837582536850207
ENSG00000234745,1.01000223975464,0.119202173341315
ENSG00000160999,0.887661325630654,0.0889564496768836
ENSG00000097046,-0.759441730281551,0.0594285848540854
ENSG00000107104,1.01592265031496,0.121309137445753
ENSG00000149294,-1.13276872639304,0.15129326958304
ENSG00000132669,0.673721786371083,0.0417880004740094
ENSG00000108861,0.591921668210084,0.0269839574690434
ENSG00000063127,0.876970551500588,0.0874626834446252
ENSG00000182463,1.03876849446291,0.127990315211826
ENSG00000143185,-0.967969968212553,0.110481636494387
ENSG00000124772,0.792194225435061,0.0678640866406447
ENSG00000120458,-0.563666005453291,0.0230033133656583
ENSG00000141040,-0.714161937843415,0.0509731280220284
ENSG00000196456,0.673002755078247,0.0430701393822446
ENSG00000082196,-0.711389765981649,0.0517697203203609
ENSG00000186314,-0.923906493468107,0.102588722684194
ENSG00000204577,0.843657116919977,0.0826674854651936
ENSG00000204388,0.692352631995146,0.048055305717619
ENSG00000165617,1.2661511411032,0.190265362419786
ENSG00000123989,-0.782959630432546,0.0688016851039364
ENSG00000187796,0.637565175507704,0.0374263155414975
ENSG00000130487,0.775531925120394,0.0674218426047288
ENSG00000260170,-2.04157703372521,0.360124623246817
ENSG00000129159,-0.759198912206296,0.0645092093193655
ENSG00000147650,-0.677581807557312,0.0475478008146679
ENSG00000049089,0.908583019525593,0.103303922641652
ENSG00000099194,0.741399294885612,0.0619802745461534
ENSG00000152804,0.64342380544764,0.0405894506839379
ENSG00000196700,0.751495572572181,0.0644489910657251
ENSG00000138829,0.905568795781325,0.10303335491219
ENSG00000158301,-0.88253057131547,0.0971842980355881
ENSG00000188199,1.01656992700646,0.132157390671568
ENSG00000258461,0.687526205101635,0.0504626994987738
ENSG00000040341,-0.435300779243212,0.00897359013880575
ENSG00000006534,0.692770179002994,0.0517398911425921
ENSG00000136158,-0.836937469393298,0.0861746570146494
ENSG00000115947,-0.416944938826691,0.00732591254698067
ENSG00000121858,0.80673913397781,0.0792937718113662
ENSG00000188629,-0.960439580819826,0.120060885869699
ENSG00000134057,0.898623279958458,0.10385177162998
ENSG00000111711,-0.616789668304867,0.0371219534774073
ENSG00000107362,-0.460365165946663,0.0121266077315263
ENSG00000111961,0.814196749682162,0.0837415692821606
ENSG00000196782,0.725879923576454,0.0625531858339231
ENSG00000158428,0.883792679777017,0.103105885449342
ENSG00000162461,0.968561064660669,0.125887586791102
ENSG00000100448,1.35427926075103,0.227752027897303
ENSG00000161714,-0.787768194571113,0.0787473440612716
ENSG00000149577,0.723182914943287,0.0627788700088718
ENSG00000273136,0.793916827893511,0.0808105309747485
ENSG00000203965,-0.555243112510321,0.0274615940237806
ENSG00000068079,0.793287100268147,0.0809435779092915
ENSG00000169385,0.84317416516539,0.0944568813758376
ENSG00000124171,-0.591641991407006,0.0353670036058926
ENSG00000111319,0.911134003137252,0.114181604032151
ENSG00000232268,-0.92804049182415,0.119911754138873
ENSG00000182197,0.562923440113563,0.0303183742358381
ENSG00000183496,-0.886951755585654,0.108892956791077
ENSG00000143537,0.548613254409033,0.0278236487641774
ENSG00000116824,-0.735593146492743,0.0693925687515119
ENSG00000203710,0.930742658589502,0.121513837537788
ENSG00000180263,0.651660882183611,0.0495776089743164
ENSG00000088451,-0.616089157394541,0.0422634489582035
ENSG00000186310,0.9633172833882,0.132403961415949
ENSG00000213221,0.677833608273128,0.0565508738481264
ENSG00000184221,0.998759942750018,0.142649972221554
ENSG00000166676,0.628085719072637,0.0455000742571654
ENSG00000146094,0.912835758994929,0.119323763358075
ENSG00000145936,0.771342176213846,0.0807952549632436
ENSG00000159399,0.761772710505743,0.0786629726445311
ENSG00000144655,0.764348034919188,0.0794438568310518
ENSG00000134709,0.98200693107034,0.13931124384913
ENSG00000100575,-0.633845710285493,0.0474046052546938
ENSG00000136636,0.719743300174949,0.0684413804747789
ENSG00000213160,-0.965024256493977,0.135853999967712
ENSG00000188191,0.770332590602035,0.0820317306938002
ENSG00000182810,0.441830763180657,0.0127999724441822
ENSG00000165983,-0.634705640131513,0.0483952319042767
ENSG00000101220,0.746409725727166,0.0762192345213014
ENSG00000085563,-0.854605026409231,0.105902784723984
ENSG00000082014,0.577173877103089,0.0362221495859267
ENSG00000198804,-0.612767490339991,0.0439654637854428
ENSG00000275302,-0.935085927636116,0.129499775944967
ENSG00000117643,0.824865254030323,0.0986434443398447
ENSG00000129595,-0.859899257978749,0.108567232131602
ENSG00000196177,-0.522968174732813,0.0260219190895685
ENSG00000196118,0.776846757975923,0.0866591309243888
ENSG00000140807,0.756730502031346,0.0812131303763868
ENSG00000162994,-0.838849597039997,0.104471642964243
ENSG00000018280,0.853063575797447,0.109205817119313
ENSG00000186073,-0.675167045230215,0.0612029717791535
ENSG00000198743,-0.542304581353313,0.031178780430057
ENSG00000131187,1.047181588467,0.166163576763091
ENSG00000163462,0.891557695515291,0.121676668315934
ENSG00000021300,0.72341615604116,0.0745985648398574
ENSG00000124215,0.808081950088267,0.0979165923224316
ENSG00000171476,-0.989523635160158,0.150022343049764
ENSG00000181381,0.767460691387726,0.0866953759895446
ENSG00000105364,0.525853339412722,0.0284804180738831
ENSG00000272916,0.690430760161746,0.067192084590083
ENSG00000141574,0.82379358059064,0.104095528641595
ENSG00000168116,-0.596751998212854,0.0441157985683202
ENSG00000149591,0.885998120688499,0.122429388969114
ENSG00000128039,0.621846206696191,0.050267292484718
ENSG00000176896,-0.533272523563047,0.0307149212863707
ENSG00000146411,0.782175109123528,0.0932188110402402
ENSG00000277632,-1.12087075679307,0.191086977910937
ENSG00000023572,-0.480274746516257,0.0216035653607968
ENSG00000106089,0.686953254170746,0.0686385597046369
ENSG00000103494,-0.671924231154396,0.0647786356654773
ENSG00000141096,0.862735795835996,0.118840791216136
ENSG00000132357,0.691446609799692,0.0701721344391964
ENSG00000171877,-0.804400128879354,0.101910250585525
ENSG00000112782,-0.877454143008714,0.123270733347711
ENSG00000171241,0.927281803711872,0.138059929513809
ENSG00000115523,-0.994650212579661,0.157883044971339
ENSG00000221988,0.726160148707696,0.0799700558130536
ENSG00000083454,0.764326983026705,0.0908912217276166
ENSG00000139977,-0.49862433576524,0.0253372088272241
ENSG00000196632,-0.750994252084723,0.0871736382759351
ENSG00000165655,1.04479507974034,0.173528044217228
ENSG00000005801,-0.508872249049637,0.0274905029936975
ENSG00000135636,0.978747767134814,0.15436566458044
ENSG00000239264,1.00574105131995,0.162638847961518
ENSG00000182118,0.683097313103612,0.0692368976675779
ENSG00000128805,0.685723287202454,0.0702650657420869
ENSG00000172728,-0.513356797109741,0.0288711702589127
ENSG00000124380,-0.55481733730999,0.0377540684445649
ENSG00000176890,1.00883302290268,0.165126397456066
ENSG00000131069,0.611481875029541,0.05123665625167
ENSG00000175970,-0.432808318713306,0.0152667575218168
ENSG00000185339,0.862540398495884,0.122851366735649
ENSG00000176624,-0.573864051412394,0.0427992722018741
ENSG00000272398,0.928402593791401,0.143008770566389
ENSG00000166123,0.749052551429405,0.0898433571996269
ENSG00000105607,0.453419364912335,0.0186976315191003
ENSG00000120896,0.745377217389499,0.089095188243131
ENSG00000184898,0.611833539704603,0.0533697331220459
ENSG00000205670,-1.00368945129288,0.168265196088797
ENSG00000219607,0.912103582915649,0.140947154210583
ENSG00000116667,-0.937159391093691,0.148840598853749
ENSG00000184831,-0.715946328164461,0.0826975454058025
ENSG00000183336,-0.576889923701072,0.0456500459927118
ENSG00000114107,-0.674268136538337,0.0713701615843809
ENSG00000235272,-1.13219547927638,0.207627602702705
ENSG00000111684,0.53988079016309,0.037277147275867
ENSG00000108405,0.850138297353967,0.124715545259784
ENSG00000196267,-0.563341727760864,0.0438410708298312
ENSG00000198870,-0.798975365522045,0.110509086766103
ENSG00000110077,0.607527231609845,0.0552584880613295
ENSG00000181450,-0.677732303845002,0.0747057693447773
ENSG00000101194,0.739146671016827,0.0929073384235721
ENSG00000213185,-0.757422537001658,0.0984104067696882
ENSG00000095383,0.515459954526749,0.033409688601773
ENSG00000123570,-1.01554077652059,0.178191150544038
ENSG00000182541,0.773925545998214,0.104441252652406
ENSG00000111261,0.964861042119324,0.163375209380994
ENSG00000169228,0.579999230688749,0.0498882212574577
ENSG00000090376,0.784856816566305,0.109647417922329
ENSG00000186407,0.612553974644207,0.0595378375396418
ENSG00000164483,-0.785946763056683,0.111299234225613
ENSG00000165272,0.839101878023532,0.127941216206957
ENSG00000181982,0.695409340767492,0.0837551583157678
ENSG00000126262,0.87664784123212,0.14031786409874
ENSG00000042317,-0.733585553399725,0.0967697428071961
ENSG00000161929,0.575842492138993,0.0514000820836156
ENSG00000135604,0.607914762182407,0.0613048514351195
ENSG00000213694,0.65923113508387,0.0763272380476285
ENSG00000173597,0.864083211325044,0.140558345150974
ENSG00000137221,0.436850376141539,0.020744740084569
ENSG00000162928,-0.42354328631346,0.0183741889584318
ENSG00000133247,0.620626170204724,0.0654057026101233
ENSG00000213928,0.584178710646134,0.0552465018131396
ENSG00000196189,0.770284279445207,0.111513247498296
ENSG00000089060,0.548845592745248,0.046290003589933
ENSG00000278195,0.966952637481234,0.174947627085969
ENSG00000125434,0.718316262122119,0.0957303394606567
ENSG00000183023,0.78214932587489,0.116638187823756
ENSG00000184557,0.886347264858927,0.150602322216461
ENSG00000170476,1.13961118545429,0.229779859333958
ENSG00000169692,0.543885994596705,0.0463822543112517
ENSG00000274641,0.916317821530261,0.161726335778139
ENSG00000196664,0.590895151857,0.0595986903562169
ENSG00000185220,-0.468784048308257,0.0285952898781415
ENSG00000196358,0.715584043552527,0.097808932633788
ENSG00000198899,-0.667534642875805,0.0832216568932679
ENSG00000178922,0.769196660486765,0.115600407772776
ENSG00000138496,0.705893905685543,0.0955164651321657
ENSG00000100504,0.791486490811418,0.12345144443623
ENSG00000213186,-0.545249160046252,0.0480587741650396
ENSG00000257335,0.928746633381532,0.168393405491932
ENSG00000162065,-0.539387564484995,0.0466037569674001
ENSG00000116016,0.81389861553616,0.131208017746779
ENSG00000101935,-0.434579881694868,0.0225296587149
ENSG00000176024,-0.545278341615509,0.048734852937156
ENSG00000104881,-0.918101532842902,0.166281343732
ENSG00000241370,0.560018890464295,0.0528111475838437
ENSG00000176105,-0.74218207038018,0.108915097396032
ENSG00000172171,-0.522147758008779,0.0430253796932388
ENSG00000167920,-0.691799727135731,0.0932800216784039
ENSG00000189420,-0.56074746644193,0.0536664239328045
ENSG00000139832,0.790525709347775,0.125741846199182
ENSG00000168229,-0.846013561146673,0.144430214506931
ENSG00000102780,-0.602858949197517,0.0662379912359077
ENSG00000156574,-0.797870643220464,0.12975274649231
ENSG00000163565,0.622917440458939,0.0738108583339749
ENSG00000119965,-0.593135256432733,0.0648401298296636
ENSG00000256222,0.734606705930016,0.110068513908908
ENSG00000069667,-0.666675128664465,0.0879232573249921
ENSG00000185477,-0.622906085336845,0.0745386837594481
ENSG00000134668,-0.832621638122811,0.143879837571772
ENSG00000163833,0.67527734387858,0.091740257213595
ENSG00000171522,-0.522612118674337,0.0465304075724161
ENSG00000163220,0.778327191584509,0.127510681875221
ENSG00000059915,0.789905786240878,0.132773149876286
ENSG00000143033,-0.36605259338824,0.0128181413230441
ENSG00000129226,0.571405113741982,0.0617708418710708
ENSG00000108239,0.627036369252765,0.0791794429291671
ENSG00000001631,-0.477249142934723,0.0359249427707531
ENSG00000115738,-0.690449134227026,0.100375448496149
ENSG00000001561,-0.724676886371556,0.111970785903029
ENSG00000173852,-0.601528169402368,0.0719351002272074
ENSG00000092036,0.65805378727651,0.0902436818638916
ENSG00000197712,0.723955114777053,0.11308582466319
ENSG00000166927,0.692545385347908,0.10260517271315
ENSG00000280537,-0.875263431058506,0.165197186938157
ENSG00000061938,0.530622509948897,0.0514514407254081
ENSG00000030582,0.659479869449108,0.0919405745279389
ENSG00000169994,0.827032531459819,0.149590695388326
ENSG00000127533,0.805233944501236,0.142535483965496
ENSG00000180694,-0.514980359854171,0.0477488305190001
ENSG00000109911,-0.482191471262341,0.0389249426984954
ENSG00000141002,0.395893354939685,0.0192530220366719
ENSG00000224383,0.581578817374288,0.0680630858292688
ENSG00000169962,0.722971049322573,0.115356721945629
ENSG00000153162,0.774605173595788,0.1332694236595
ENSG00000172889,0.82754790728869,0.151745987504348
ENSG00000197008,-0.628563664559762,0.0835812660028556
ENSG00000087157,0.682121652015651,0.101696990484068
ENSG00000243927,-0.423178000026407,0.0252364618096681
ENSG00000100365,0.685767175397289,0.103738575278296
ENSG00000085265,0.590685781093191,0.0723066824847373
ENSG00000122779,-0.414901277938001,0.0238795869301416
ENSG00000121964,-0.453431077502566,0.0328058063583743
ENSG00000165097,0.50810130517432,0.0473841410655923
ENSG00000181315,-0.47546785097306,0.0384734290796602
ENSG00000197951,-0.497181274928065,0.0444041284845987
ENSG00000181481,0.478726114477396,0.0394430066155266
ENSG00000167904,-0.46495737952009,0.0360796506145799
ENSG00000154237,0.622585565716947,0.0836923470507024
ENSG00000196169,-1.07436765687973,0.237802100879906
ENSG00000120333,-0.460929161516076,0.0354822714670063
ENSG00000256771,-0.611129454763604,0.0806648054388167
ENSG00000230510,0.697746254328751,0.110490318824116
ENSG00000002549,0.697309224869152,0.11037284954589
ENSG00000188321,-0.517484356729915,0.0513529660562993
ENSG00000164933,-0.470644889058291,0.0383812113072165
ENSG00000170881,-0.452205068357731,0.0336082540890243
ENSG00000146192,0.555517554361163,0.0634826353123642
ENSG00000113749,0.837462678571468,0.160909800423628
ENSG00000196954,0.580153341457772,0.0719511480449061
ENSG00000185305,-0.487593545408242,0.043745186041216
ENSG00000054219,-0.518579794869292,0.0527835457103993
ENSG00000009694,-0.681261134717697,0.106586379016245
ENSG00000144935,-0.71078201023193,0.117108134073981
ENSG00000154655,-0.673054329533681,0.104042702751318
ENSG00000113790,0.692212747590903,0.110792830174253
ENSG00000135537,-0.524908737916339,0.0551967455506467
ENSG00000100889,0.455521701344627,0.0355540747884502
ENSG00000120594,0.653376597479266,0.0987836979451113
ENSG00000128656,-0.869361727752096,0.175853998992789
ENSG00000006530,-0.463917965516877,0.0385110497577559
ENSG00000196730,0.643669721680642,0.0960366278137787
ENSG00000069998,0.405330380590397,0.0244004365505308
ENSG00000186818,0.609702049349965,0.0847815170911204
ENSG00000137265,0.750543499350782,0.134715337825287
ENSG00000172594,0.677298572068836,0.108488292329986
ENSG00000007341,-0.436668057444845,0.0320687134394205
ENSG00000198355,0.652069974077054,0.100002412649295
ENSG00000179841,-0.675421974782288,0.108402295219416
ENSG00000178209,0.580775976598745,0.0756817817733704
ENSG00000130024,-0.443913118361295,0.0341813976442623
ENSG00000198538,-0.564481027665107,0.0703355587409506
ENSG00000188343,-0.521576324645334,0.0566384798949058
ENSG00000183784,0.677054038057811,0.110496995102296
ENSG00000173530,0.695669528742263,0.117438495841439
ENSG00000148288,0.633588210875398,0.0964148180298527
ENSG00000250722,-0.878050114559044,0.185235067347436
ENSG00000261609,-0.463201688184834,0.0411075815734364
ENSG00000102858,0.605494557921449,0.0874579157691315
ENSG00000100109,-0.532361361259912,0.0626391932763531
ENSG00000151835,-0.518669121677569,0.0583368892178424
ENSG00000119927,-0.489527293945159,0.04928570325932
ENSG00000198642,-0.456086042220406,0.0395605562805903
ENSG00000115137,-0.462509078818488,0.0413810100264418
ENSG00000196967,-0.456070969903394,0.0396393091467554
ENSG00000167553,0.582671494378665,0.0799429769652132
ENSG00000162591,0.735813763574148,0.135589685367159
ENSG00000103479,-0.401937865494127,0.0261491648645988
ENSG00000180340,0.73456462932034,0.13641216120719
ENSG00000197119,0.764702020342784,0.147743403828221
ENSG00000102781,-0.613239393336468,0.092133883944328
ENSG00000064787,0.887624054619858,0.193602153305395
ENSG00000158711,-0.437991749851031,0.0359172972699652
ENSG00000141161,0.770977078911919,0.15139653545128
ENSG00000033327,0.685004926253953,0.11947728458293
ENSG00000101665,-0.679823365045122,0.117657547219723
ENSG00000096063,0.608912772183398,0.0920246332633718
ENSG00000271503,-0.736327655896755,0.139504522260574
ENSG00000166401,0.456576400886815,0.0417740628201266
ENSG00000186469,-0.488796437199179,0.0522156237143806
ENSG00000146054,0.622390688223298,0.0989568876218756
ENSG00000087258,-0.911233620962985,0.206089774885942
ENSG00000188033,-0.431494169311781,0.0356050646112418
ENSG00000105793,-0.423326918804138,0.0334234008821786
ENSG00000071205,-0.79259841046761,0.16281798073058
ENSG00000135074,0.673131748174995,0.118021874578423
ENSG00000078053,-0.713076678752894,0.133445010737475
ENSG00000123836,0.604800304923155,0.0934789619405838
ENSG00000196209,0.698204465887679,0.128422758655546
ENSG00000116750,-0.492033849869043,0.0545508088390347
ENSG00000168280,0.731344293189607,0.141394546495858
ENSG00000086570,0.703256550858528,0.13125445590172
ENSG00000255837,-0.644107279145337,0.1089851992471
ENSG00000165914,0.710789224207095,0.134248461781955
ENSG00000012779,0.689015824267426,0.126524477034499
ENSG00000005302,0.433507673565602,0.0375517555006097
ENSG00000090006,0.637766636656428,0.107700699375316
ENSG00000104856,0.633693788886558,0.106243611142125
ENSG00000163932,0.596839373243531,0.0926677597918961
ENSG00000154330,-0.844545648227732,0.186256128504029
ENSG00000254470,0.713767545445354,0.137108026551938
ENSG00000073711,-0.415841562796578,0.033087468317668
ENSG00000137752,0.506306187400237,0.060950789135747
ENSG00000157551,0.892650729543028,0.204576835271746
ENSG00000138078,-0.390466073192322,0.0266502127725522
ENSG00000068024,0.530232752763277,0.0693410786248073
ENSG00000198053,0.706270201446804,0.135270197264521
ENSG00000180549,0.672556246359692,0.122365575367928
ENSG00000164742,-0.660194622314075,0.118272513465519
ENSG00000124593,-0.691149207545052,0.130141477804598
ENSG00000141642,-0.572666519760819,0.085826932855832
ENSG00000136960,0.792983414354716,0.170048923539505
ENSG00000146350,-0.521729299722431,0.0678721633653208
ENSG00000072422,0.726070827466856,0.145177289138993
ENSG00000168404,0.522855371773812,0.0687674073291626
ENSG00000121931,-0.429242873642508,0.0385063953774528
ENSG00000198734,0.852401728724962,0.194011514736005
ENSG00000120662,-0.488708659524039,0.0572995122009554
ENSG00000120833,-0.629473618556749,0.10872449819789
ENSG00000139163,-0.388849991113329,0.0276482150945014
ENSG00000108639,0.430513602226742,0.039171458500514
ENSG00000138138,-0.43871008317543,0.0422603645842686
ENSG00000184060,0.531480840125932,0.0735888145425556
ENSG00000125826,0.51989460603867,0.0694411221669534
ENSG00000163281,-0.505300913832138,0.0643690689368376
ENSG00000007129,-0.509576865768564,0.0660528345043186
ENSG00000205707,-0.542214690780233,0.0779703190995899
ENSG00000185658,-0.372038274301796,0.0243036538032936
ENSG00000078269,0.57256250574571,0.0894088211040927
ENSG00000171236,0.849248141712627,0.198354319895539
ENSG00000090581,0.325410312784166,0.0147884982939221
ENSG00000015153,-0.37098353359944,0.0248200196137465
ENSG00000151062,0.511719101045846,0.0686041198648329
ENSG00000189077,0.56658279274111,0.0889277404249078
ENSG00000173110,0.725355640358575,0.151553441593478
ENSG00000058091,0.633555213487941,0.115755496615534
ENSG00000095303,0.735420886605191,0.156711621560944
ENSG00000120280,0.617054211389194,0.109914825000599
ENSG00000123575,-0.360899846552788,0.0229950471799928
ENSG00000131042,0.616309671687334,0.110184259743608
ENSG00000170458,0.711670738379008,0.148467521689774
ENSG00000158985,-0.331835670219255,0.0167347385127737
ENSG00000134198,-0.556141185346576,0.0872946667726656
ENSG00000013583,0.633957227139734,0.117869423713295
ENSG00000135362,-0.648683067878564,0.123972165016661
ENSG00000163875,-0.408613125327892,0.0365974822881411
ENSG00000127989,-0.463566335217498,0.0542338032777123
ENSG00000166145,0.687503789845686,0.140936091902103
ENSG00000170581,0.618113189757255,0.114021597656302
ENSG00000100226,0.570050817668572,0.0950435173353794
ENSG00000084731,0.636489803176718,0.121710233357104
ENSG00000039068,-0.785577808019358,0.182435103396426
ENSG00000128536,0.74793714724765,0.168189140911884
ENSG00000198924,-0.611759973954776,0.113386074703205
ENSG00000033867,-0.590723064131617,0.10515736089195
ENSG00000188404,0.66362499238414,0.13613151458574
ENSG00000183655,-0.53626077453227,0.0848157381296562
ENSG00000187778,0.360813012317864,0.0258496422779948
ENSG00000079385,0.635640099595454,0.125619116704119
ENSG00000171444,-0.53818627416848,0.08663497779873
ENSG00000072110,0.684989525382552,0.146512941799209
ENSG00000171121,-0.504031341130778,0.0739471918595997
ENSG00000213462,0.549195087540258,0.0917374467729584
ENSG00000129465,0.336856632756288,0.0204853695858309
ENSG00000162946,0.666245263777037,0.14016527399969
ENSG00000214688,0.623613359647663,0.122550372180508
ENSG00000143851,-0.505478195014949,0.075506668016052
ENSG00000163736,0.812466260097934,0.200510085908247
ENSG00000186767,-0.603482459284148,0.115080098436351
ENSG00000185798,-0.483664170219109,0.0675301170536639
ENSG00000003393,-0.555437898222312,0.0961848115494484
ENSG00000127948,0.507659767741937,0.0778773649899024
ENSG00000116922,-0.428856077866362,0.0490574338609865
ENSG00000196843,0.431851532637638,0.0501217821973046
ENSG00000184371,0.672090595872974,0.14635887328602
ENSG00000196268,-0.498988992384515,0.0752466523009856
ENSG00000188677,0.629480682091011,0.128758317689902
ENSG00000144802,0.522705088486366,0.0847547961504642
ENSG00000235453,0.444214475845591,0.0548729916934964
ENSG00000214160,0.429606826055021,0.0499387855189224
ENSG00000164465,-0.694792004601362,0.156908128503844
ENSG00000172469,-0.58204243911889,0.110013760850802
ENSG00000182511,0.584992344857846,0.111264404394506
ENSG00000183307,0.76260370738499,0.185556607010058
ENSG00000159388,0.453803758083581,0.0590005321317463
ENSG00000181915,-0.464680556449692,0.0631024068675343
ENSG00000102554,0.646786552366219,0.137451281832708
ENSG00000174501,-0.462487376533483,0.0625985643458955
ENSG00000173930,-0.592384637116826,0.115216813219578
ENSG00000168566,-0.358113884764642,0.0280438707363019
ENSG00000140386,-0.397895390809228,0.0403662289083537
ENSG00000170448,0.733281346782773,0.175602178535755
ENSG00000074964,0.523029559887563,0.0873443612662837
ENSG00000162676,-0.781077953678092,0.19547191507551
ENSG00000072310,0.549887822787246,0.0984168528567052
ENSG00000145220,-0.564803457278158,0.105010106433916
ENSG00000187676,-0.58629844082585,0.114323923886939
ENSG00000166016,0.73010264519144,0.175283155958555
ENSG00000173334,0.657077214248013,0.145144920561131
ENSG00000214367,-0.415012744746571,0.0471040033166132
ENSG00000103249,0.461299745804093,0.0640642186888401
ENSG00000196873,0.466080823051307,0.0659532363789721
ENSG00000138443,-0.447597948380835,0.0590768094223604
ENSG00000204397,0.616064210725485,0.12824858465122
ENSG00000009724,-0.469668362182717,0.0677464269827552
ENSG00000221843,0.702257203298569,0.165713939772403
ENSG00000175866,0.674803317916906,0.15404618810966
ENSG00000128311,0.641661909539652,0.139900663198647
ENSG00000169282,-0.529040379055253,0.0920446261338797
ENSG00000183513,-0.366211714507017,0.0319434029591949
ENSG00000144554,0.375035772810651,0.0351547457097548
ENSG00000164944,-0.273960420968042,0.0102334401103201
ENSG00000161981,0.532778951214711,0.094795819571412
ENSG00000125900,0.701514825428802,0.167726534895825
ENSG00000114745,0.433309550240705,0.0556598827592906
ENSG00000155893,-0.444970538714481,0.0600869325190807
ENSG00000156876,-0.510580652800794,0.0864727144427216
ENSG00000014257,0.585859386804796,0.118571084397086
ENSG00000158042,0.475025088901743,0.0722370998180918
ENSG00000132694,0.622373920441037,0.134576049581401
ENSG00000125510,0.587803508549569,0.119894327764632
ENSG00000106477,-0.529286708984908,0.0950297535051087
ENSG00000119979,0.421220989157539,0.0519779890031534
ENSG00000175106,-0.696754571162686,0.16763296684169
ENSG00000198668,-0.376443857151783,0.0367398746977901
ENSG00000125089,0.506407542702437,0.0861610131636609
ENSG00000171049,0.69342004391679,0.167048594929406
ENSG00000134255,-0.319243917241448,0.0205849344721416
ENSG00000160602,0.517002747504075,0.0909453546159677
ENSG00000101445,-0.499176811678031,0.0841099454168114
ENSG00000258659,0.449913736133117,0.0644629708052611
ENSG00000066084,0.577489813379729,0.118649493023999
ENSG00000116791,-0.594810430259881,0.126250007983695
ENSG00000197417,-0.47258565539807,0.0742093164306525
ENSG00000159788,-0.51585764400102,0.0923630600747831
ENSG00000132254,0.335333697787378,0.0258318082056215
ENSG00000104356,-0.510398448925858,0.0906918273352858
ENSG00000170846,-0.460055502209476,0.0701058598686739
ENSG00000140854,0.353372008810486,0.0314841154581407
ENSG00000164687,0.656499607926935,0.1557374051942
ENSG00000196968,-0.552672421137746,0.110046606252543
ENSG00000169660,0.457841713447957,0.0696778878822096
ENSG00000112996,-0.406220002471516,0.0497299428411153
ENSG00000129128,-0.376731681367453,0.0396168478786713
ENSG00000150093,-0.594006465581661,0.129074470436307
ENSG00000121316,0.631663181752321,0.145880079817954
ENSG00000166387,-0.47211455874655,0.0761736848949719
ENSG00000135299,-0.420992804347595,0.0557259952508878
ENSG00000240891,-0.633072173241742,0.146772217472663
ENSG00000040531,0.441834456954616,0.0640714475320447
ENSG00000142657,0.563933029310276,0.116169111315862
ENSG00000146828,0.579910311855002,0.123363960320643
ENSG00000105655,0.507384130103317,0.0915270298589755
ENSG00000153933,-0.465738951783191,0.0740243008135587
ENSG00000150347,-0.484569455711606,0.0819392807220292
ENSG00000175806,0.502230117804182,0.0894942283806478
ENSG00000152556,0.495664095835599,0.0867598123877152
ENSG00000008130,0.584954611052563,0.126006529918266
ENSG00000144426,-0.399756604981609,0.0483327312139609
ENSG00000083544,-0.438700359255498,0.0633046536762499
ENSG00000127995,-0.426839676278414,0.0587426261807912
ENSG00000117448,0.418568291910931,0.0557623977435395
ENSG00000096060,0.573737595980117,0.121919148303728
ENSG00000133641,-0.492309854852772,0.0861335525958363
ENSG00000197056,-0.43572352011816,0.0629185564631249
ENSG00000168807,-0.410827183168665,0.0534930074620693
ENSG00000164125,0.529178829590671,0.103219484895079
ENSG00000172339,-0.551507554431138,0.113505360220987
ENSG00000118922,-0.482252763015095,0.0836931058846893
ENSG00000123595,-0.419026204676824,0.0576576939972021
ENSG00000103187,0.50939306427956,0.0962027590896594
ENSG00000133731,-0.444255189687143,0.0682582441142548
ENSG00000081148,-0.604830340970575,0.139241281553579
ENSG00000204272,-0.583829384012192,0.129948427298451
ENSG00000138185,0.595375358177903,0.135575626414928
ENSG00000168228,-0.47522697063554,0.0818091257366696
ENSG00000215397,0.674570275503274,0.171636103981685
ENSG00000171777,0.656876795302317,0.163694895706683
ENSG00000173905,-0.541372306123378,0.111533276476065
ENSG00000162711,0.666552868895915,0.168858831078922
ENSG00000176563,0.582132536970695,0.130634161262711
ENSG00000081665,-0.350886715727826,0.0342042233613635
ENSG00000078596,-0.677702343164964,0.174404714879261
ENSG00000130066,0.524979478836335,0.105055835090784
ENSG00000142552,0.665997064879956,0.169530398618162
ENSG00000104490,-0.61330382158887,0.145625276770708
ENSG00000160199,0.390520460506153,0.0487109844191516
ENSG00000105072,0.544818592073311,0.114917394430922
ENSG00000142687,0.375801632766849,0.0436453287468859
ENSG00000013810,0.573498905415988,0.128996518775409
ENSG00000172243,0.593208298317061,0.138438068764844
ENSG00000139631,0.543672231023476,0.11572067657095
ENSG00000170989,-0.559688867347048,0.123177746951355
ENSG00000213533,0.389135960608328,0.0492305895184451
ENSG00000182621,-0.538088346169366,0.113419879233093
ENSG00000136205,0.497326663137276,0.0949378423951419
ENSG00000116273,-0.402626881391543,0.0547707061826624
ENSG00000141562,0.543001692080098,0.116103515506903
ENSG00000271425,0.481856033875357,0.0883692629004256
ENSG00000162980,-0.429564176502718,0.0660228782022527
ENSG00000182551,0.413848504730757,0.0596454925029507
ENSG00000188130,0.568372102033407,0.128407821865586
ENSG00000198846,-0.617659630057581,0.152176119619778
ENSG00000204472,0.552528634590401,0.121917629532979
ENSG00000079277,0.54419757467101,0.118114088096525
ENSG00000123213,0.466264869847182,0.0827893888049104
ENSG00000146592,0.796427078317437,0.23284085259076
ENSG00000125611,0.510978260300225,0.10345803259913
ENSG00000163785,-0.367355708221043,0.0429047268398215
ENSG00000183808,-0.36566728097764,0.0424203669173956
ENSG00000088035,-0.394512733036945,0.0534709153320729
ENSG00000243708,0.670082824599829,0.17835199110985
ENSG00000158887,0.531692668615309,0.114063479925336
ENSG00000125247,0.536545090980575,0.117108838516547
ENSG00000204147,-0.631709396561714,0.162039014671907
ENSG00000152683,-0.320034016620638,0.0280619756441541
ENSG00000143942,0.579608841836924,0.139062754240501
ENSG00000118596,-0.439090892056306,0.0740085577254428
ENSG00000140332,0.68079775869724,0.186860205284166
ENSG00000197302,-0.491139460531967,0.0979036238168132
ENSG00000164244,-0.380046062475545,0.0498113799105367
ENSG00000143382,0.670512953924449,0.182978920873754
ENSG00000257704,0.641340780031274,0.170417823042954
ENSG00000136869,0.695464040381781,0.196080808429275
ENSG00000164124,0.629286179932755,0.165347212770964
ENSG00000100292,0.518454294439335,0.112865730692145
ENSG00000182308,-0.541170429564631,0.123745666541031
ENSG00000185722,0.39027475265492,0.0551732183435539
ENSG00000106266,0.426485110486551,0.0712930096357937
ENSG00000110080,0.611374920962726,0.158592013449915
ENSG00000110429,-0.353609076785856,0.0414892167083346
ENSG00000114767,-0.495134905185367,0.103176135161381
ENSG00000111962,-0.446254627849566,0.0805346055631654
ENSG00000131437,-0.499640242022964,0.105456472264954
ENSG00000164031,-0.383528488580723,0.0537298754872045
ENSG00000198886,-0.588483924263648,0.148938299122828
ENSG00000046653,-0.501315599784749,0.107436376580294
ENSG00000255561,0.554796030556828,0.133664005958347
ENSG00000138686,-0.455771841342141,0.0865475284331676
ENSG00000064932,0.620865173622295,0.166632346641431
ENSG00000038427,0.63237803016786,0.172273029905507
ENSG00000225614,0.518310510208868,0.117117771845232
ENSG00000119686,0.466108228875132,0.0922185207899794
ENSG00000053918,0.545172330127751,0.130335245369568
ENSG00000180881,-0.732231469602667,0.219358439665661
ENSG00000124491,0.764139732479322,0.234591080077975
ENSG00000088179,-0.513455437678505,0.115693073850598
ENSG00000184465,0.488175032384188,0.103722092772059
ENSG00000060558,0.52243254481773,0.120494696464411
ENSG00000023191,0.395761783250602,0.0616355046452968
ENSG00000203872,0.545533499620197,0.132507208659106
ENSG00000068305,0.412313879008246,0.0689975269547848
ENSG00000072736,-0.384080665937065,0.0567809482931717
ENSG00000164713,0.505085252388141,0.112924124503337
ENSG00000135899,0.47464151177898,0.0983353444930193
ENSG00000141505,0.547653522697495,0.134017333658549
ENSG00000182782,0.696577293124696,0.206117843180782
ENSG00000107560,-0.314918442842114,0.0307519410448748
ENSG00000230797,0.709934805643083,0.213771986603626
ENSG00000162512,0.613818480758315,0.168290648865063
ENSG00000166963,0.6818977981217,0.201130326262331
ENSG00000198736,0.610866347748796,0.166991769503114
ENSG00000228696,-0.536033235028467,0.130114607347683
ENSG00000082258,-0.323755952945402,0.0341817984693897
ENSG00000171843,-0.407135775922099,0.0683414954528011
ENSG00000129255,0.408320872146562,0.0689143011813306
ENSG00000163328,0.470801525027598,0.0983325427983983
ENSG00000168517,0.461717395286746,0.0942052789318158
ENSG00000171116,-0.63052864813863,0.177320364425975
ENSG00000113758,0.560224890246443,0.142789716237334
ENSG00000068120,0.349595857425798,0.0442683268182863
ENSG00000159111,-0.473480512280313,0.100564415069918
ENSG00000114450,0.499537310573232,0.113497423838548
ENSG00000109339,0.658839430126055,0.192654984947393
ENSG00000165140,0.541226836104218,0.135044505735923
ENSG00000143156,-0.508690277459525,0.119088634716062
ENSG00000175482,0.387866835839583,0.0614258673670026
ENSG00000115365,-0.42116086390056,0.0766340520726368
ENSG00000099860,0.468246519786153,0.0993483773418235
ENSG00000006555,-0.580337645672892,0.155612118350012
ENSG00000008311,-0.642254306051146,0.186218950709504
ENSG00000188522,-0.474204379694816,0.102680103163673
ENSG00000198001,0.32709920960135,0.0369128042922263
ENSG00000185246,-0.400389082117611,0.0676772807406616
ENSG00000140382,-0.370877979056393,0.0547776171306152
ENSG00000159459,-0.32782855697719,0.0374702163413239
ENSG00000163625,0.715590652907408,0.222163625033501
ENSG00000255398,0.674123951963486,0.202574506900947
ENSG00000104047,-0.409406651802357,0.072253316927821
ENSG00000121542,-0.404236719328661,0.069936014441362
ENSG00000105176,-0.455560506659233,0.0948483472029423
ENSG00000140379,0.635096162211997,0.1847738405315
ENSG00000183718,-0.372707341360845,0.0566512649639719
ENSG00000183137,-0.461501888918199,0.0988042949791559
ENSG00000104870,0.560827617387455,0.149125980092679
ENSG00000214717,0.411653482435489,0.0754695358446327
ENSG00000114268,0.604082802401693,0.172697118530168
ENSG00000119121,0.728707159086042,0.23321229061209
ENSG00000173421,-0.830974582806925,0.279137646709691
ENSG00000170348,-0.354206497101896,0.0502422908320874
ENSG00000082213,-0.368764891326401,0.0565647123097659
ENSG00000137770,-0.300223298378454,0.0293644501536082
ENSG00000074696,-0.455575671120134,0.0980001636942223
ENSG00000178789,0.577025722678201,0.160262300689453
ENSG00000154370,-0.321334830314476,0.0375261791747909
ENSG00000104756,-0.415131800776213,0.0788639851802685
ENSG00000164983,-0.360481166110003,0.053744912556719
ENSG00000159873,-0.324438121016312,0.039430922257122
ENSG00000121039,0.453565402438691,0.0994944139441172
ENSG00000078140,-0.326351253624353,0.0406971289911565
ENSG00000071794,-0.420697461448776,0.0834705872893274
ENSG00000177311,-0.570860227107629,0.16041707933101
ENSG00000148690,-0.402506549791946,0.075413952262215
ENSG00000105352,0.64526899910959,0.199825936368006
ENSG00000095574,-0.361776304534184,0.05662037224899
ENSG00000179195,-0.335307009201141,0.0451649412465567
ENSG00000254469,-0.479045471241977,0.11460480854336
ENSG00000175691,-0.521439251823108,0.136736936644497
ENSG00000127334,-0.411568360868461,0.0805547288433946
ENSG00000151690,-0.386364215217525,0.0685153568103937
ENSG00000111860,-0.353241463635689,0.0533126641269237
ENSG00000145916,0.370566295414891,0.0611467956383433
ENSG00000126814,-0.413836488411007,0.0822347975179036
ENSG00000134262,-0.400963908916029,0.0760263339580941
ENSG00000100368,0.602010572188231,0.179859050365388
ENSG00000136997,0.561164365970432,0.159073338843184
ENSG00000172780,0.62318941382065,0.192119481807019
ENSG00000139131,-0.389785998857868,0.0716819101833529
ENSG00000090686,-0.311423086514299,0.0369726579556293
ENSG00000144843,0.436158617806637,0.0949667667343825
ENSG00000187808,0.536695224115481,0.148611688519233
ENSG00000135913,-0.36292715154445,0.0597113552306494
ENSG00000184014,0.577626282728576,0.170682753019449
ENSG00000059804,0.59028882194098,0.177367068991308
ENSG00000150760,0.606139222261653,0.185666532439918
ENSG00000204634,0.424205066443935,0.090206135752202
ENSG00000279765,-0.456858039564764,0.107498048890001
ENSG00000122481,-0.461583934117491,0.110029892545053
ENSG00000174885,0.804775427980398,0.283511982398664
ENSG00000178567,-0.343763437306586,0.0523282373859456
ENSG00000106397,0.37360494904607,0.0662549156149499
ENSG00000173281,0.627300173181411,0.198740080012525
ENSG00000164306,-0.417463972313548,0.0883045486198644
ENSG00000177889,-0.367170722592169,0.0638419964442148
ENSG00000115318,0.482239382980004,0.123375217458169
ENSG00000214113,-0.44030380693868,0.101966027764153
ENSG00000069493,-0.472928091093122,0.119455731238948
ENSG00000197375,-0.408582989555434,0.0856524194507423
ENSG00000074935,-0.45613695892246,0.11070660889107
ENSG00000205981,-0.409431011780885,0.0863611230698658
ENSG00000155465,0.456545023649859,0.111937848077148
ENSG00000178988,-0.423865450723543,0.0946622311779964
ENSG00000143554,0.415544283230578,0.090338020484606
ENSG00000135124,0.353581608357543,0.0593996009223601
ENSG00000183977,-0.533410685695848,0.15400216777831
ENSG00000173218,-0.58973116521082,0.184128871649216
ENSG00000130755,0.474588279016255,0.122339948300463
ENSG00000177873,-0.354169987576372,0.0600527927758085
ENSG00000188529,-0.342253363215102,0.0545855364162658
ENSG00000166166,0.45897059654588,0.11461869445278
ENSG00000177169,0.564132204919843,0.172035804677366
ENSG00000125459,0.422027840633504,0.0955177137261838
ENSG00000198951,0.372765715282219,0.0705849574775817
ENSG00000008405,-0.392123461514993,0.0807952637869239
ENSG00000115641,-0.458023730668146,0.116042583105135
ENSG00000137601,-0.405096280927728,0.0876178495090401
ENSG00000132356,-0.289483364692401,0.0332232424874698
ENSG00000105612,0.373206788558882,0.0716356544393612
ENSG00000111321,0.558479527123358,0.171883650535339
ENSG00000171223,0.521901029494106,0.152253784312574
ENSG00000074416,0.604754242997164,0.197666376495577
ENSG00000127980,-0.338261544424159,0.0552473751620935
ENSG00000155629,0.496194944862308,0.139080038098938
ENSG00000131759,0.557577683239116,0.172830358958878
ENSG00000127220,0.537083837661073,0.161713572034244
ENSG00000177191,0.595365329097125,0.193391920557536
ENSG00000196352,0.574263827438743,0.182392497958527
ENSG00000117155,-0.424111707209635,0.100502720954694
ENSG00000140391,0.428346516699063,0.102883520719744
ENSG00000124383,-0.450129048772549,0.115025325401168
ENSG00000175197,0.453380270686404,0.116854316037621
ENSG00000259494,-0.416456794013692,0.096663166648631
ENSG00000054967,0.510881315211099,0.148911162608051
ENSG00000122417,-0.430039968928897,0.10416181373831
ENSG00000134905,0.424600129661537,0.101340879245552
ENSG00000141449,-0.445140043927205,0.113381444959506
ENSG00000225830,-0.305711580452726,0.0420861014956267
ENSG00000109689,-0.365792000567702,0.0708518786455439
ENSG00000133302,-0.368177535328602,0.072197227823283
ENSG00000035862,0.564782463646927,0.180758649660944
ENSG00000215440,0.455736234295018,0.120126905326673
ENSG00000196923,0.607470521398137,0.204160959933892
ENSG00000107771,-0.382450227877901,0.0801988415701818
ENSG00000112511,-0.330091690168948,0.0541275129627064
ENSG00000213347,0.517534284462577,0.155679407323316
ENSG00000142192,0.481810001412454,0.135639238393165
ENSG00000160410,0.494411751502772,0.142841578911092
ENSG00000111412,-0.333791714872714,0.0560831233318737
ENSG00000116017,0.539277411482955,0.169412469774157
ENSG00000113916,0.644851687810809,0.227252442362282
ENSG00000130775,0.442925269495732,0.115935699325824
ENSG00000181218,-0.595047041190827,0.201243189756763
ENSG00000273749,0.440870579189634,0.115134834219836
ENSG00000112245,0.549187915477097,0.176538659846851
ENSG00000196705,-0.356897914981118,0.0694333531971376
ENSG00000136937,-0.309794651474509,0.0462912103650412
ENSG00000166225,-0.293826655143969,0.0393427592207599
ENSG00000139146,-0.34883102435846,0.0656559688260636
ENSG00000117226,-0.533885434227269,0.169390322838796
ENSG00000140443,0.621756228385248,0.218115794902171
ENSG00000137462,0.604006710835795,0.208902154011866
ENSG00000171055,-0.310473152986932,0.0476386977275289
ENSG00000198833,0.509132578622361,0.156438963429778
ENSG00000170956,0.589024606760892,0.201426437431828
ENSG00000064601,0.483899609701933,0.142260039972033
ENSG00000092140,-0.345852694041595,0.0655534718400488
ENSG00000005469,-0.520263873368363,0.163473372505344
ENSG00000152700,-0.281107866178345,0.0353347314353679
ENSG00000135976,-0.478126784496862,0.140129001296387
ENSG00000171943,-0.403840498011194,0.0983502899776372
ENSG00000111850,-0.411390238212554,0.103461784818202
ENSG00000161955,0.43511446781513,0.117516562981849
ENSG00000185033,0.519815879650753,0.16700726822329
ENSG00000196329,-0.441728986517496,0.12185931365177
ENSG00000089639,0.456538565162484,0.131594406489874
ENSG00000168461,0.533559052537243,0.176502732304185
ENSG00000132589,0.532086014650124,0.175760837320086
ENSG00000164406,-0.429910053688883,0.117134516400622
ENSG00000114388,-0.386572287381456,0.0927841581692253
ENSG00000145216,-0.264952689283044,0.0313468329742035
ENSG00000188389,0.586315276590483,0.209224794019036
ENSG00000101236,0.62936911399555,0.23292081273859
ENSG00000074695,-0.374176210755357,0.0867112232242797
ENSG00000011405,-0.273934413919569,0.0355348068690799
ENSG00000108848,-0.34105367464583,0.0690820789795355
ENSG00000197782,-0.353868675275723,0.0764769158259217
ENSG00000106348,0.512638041451282,0.169909217352493
ENSG00000143748,-0.393783489936202,0.0997261201879648
ENSG00000140471,-0.376656889924188,0.0911036075049628
ENSG00000157212,-0.324833311867337,0.0624020568346208
ENSG00000116747,-0.301773090112063,0.050644139897131
ENSG00000126773,-0.316480595595778,0.0581805602260649
ENSG00000138092,-0.382937869614852,0.0967203450714601
ENSG00000185418,-0.380058460651889,0.0952162573517847
ENSG00000122882,-0.259838846997314,0.0322582893590357
ENSG00000117298,0.568867301981967,0.20868555999843
ENSG00000141499,0.36041272243545,0.0845187563277439
ENSG00000008323,0.533405920670849,0.188380174539438
ENSG00000106268,-0.5238330405139,0.182913284469878
ENSG00000141526,0.531359429070782,0.187679812070187
ENSG00000182578,0.466084479747232,0.148616671309789
ENSG00000150756,-0.416908941648901,0.118722095402036
ENSG00000130309,0.327369182607592,0.0663248461738171
ENSG00000175175,-0.679582305893538,0.271221301125289
ENSG00000021355,0.408579214683718,0.114465813322633
ENSG00000073849,-0.384896469474667,0.100208823652939
ENSG00000131724,0.558937027842163,0.205546202859148
ENSG00000119535,0.623342169357839,0.243219658173787
ENSG00000165801,0.559908341478945,0.208516878784712
ENSG00000132294,-0.267467626832852,0.0378458187964696
ENSG00000158517,0.533566579087057,0.194705924651506
ENSG00000172578,0.456578571936247,0.148055700353822
ENSG00000040487,0.403767166761339,0.115914149773448
ENSG00000245848,0.471124866228661,0.157824994662126
ENSG00000142409,0.404000659920433,0.116340748306744
ENSG00000180011,-0.358871320912111,0.0888827735918868
ENSG00000178202,-0.449478604458851,0.144804771533242
ENSG00000115942,-0.305200711860464,0.0586205888009915
ENSG00000105339,0.553879925217821,0.209578171539661
ENSG00000159128,0.519794797780452,0.18955505223475
ENSG00000066336,0.565396876037691,0.217979541851937
ENSG00000143498,-0.407060655341796,0.120867434641955
ENSG00000080345,-0.28634539718489,0.0500192464781436
ENSG00000111679,0.380175974916374,0.104851235477004
ENSG00000072756,-0.34374347206571,0.08283252194239
ENSG00000128000,-0.388851767133249,0.111158948435672
ENSG00000161091,0.410453513451829,0.124878225778637
ENSG00000165168,0.4344512389745,0.140659629681744
ENSG00000198791,-0.308164801855325,0.0635297659503113
ENSG00000188707,-0.322844875103208,0.0720237463435659
ENSG00000116001,-0.304209779571001,0.0615514768313917
ENSG00000102543,-0.33670100152575,0.0806979926800531
ENSG00000122435,-0.386446668087154,0.112092390735432
ENSG00000178917,-0.357880665882646,0.0946172876117286
ENSG00000175471,0.428303957730758,0.140121629316015
ENSG00000178177,-0.368853444380501,0.102082120433315
ENSG00000111605,-0.291304603807164,0.0556741802990211
ENSG00000104915,0.414292775450844,0.131371647825957
ENSG00000168411,-0.286111939523166,0.0531812416768924
ENSG00000082269,-0.343020677998297,0.086852692000243
ENSG00000131375,-0.291869345645669,0.0566637363389659
ENSG00000120802,-0.307465465258255,0.065550060910341
ENSG00000211456,-0.276519270109604,0.048335733122247
ENSG00000125944,-0.302798125057404,0.0635638305407415
ENSG00000068028,-0.498017170001671,0.187809868414229
ENSG00000066279,0.641326405029813,0.273306489300714
ENSG00000127081,-0.398293079069237,0.124893545322488
ENSG00000132475,0.463949413425732,0.167708523746588
ENSG00000112062,0.463154452720775,0.16815389655473
ENSG00000140350,0.335109976308068,0.0851490643707433
ENSG00000179454,-0.297554010701925,0.0625686020241236
ENSG00000163104,-0.408781339506178,0.134011274425064
ENSG00000156853,0.312239267635882,0.0720196775304162
ENSG00000066422,-0.254451096868774,0.0396935988723268
ENSG00000067066,0.367996405273627,0.107676068837901
ENSG00000100196,-0.446944814607914,0.160909000182475
ENSG00000127084,0.387956601252283,0.122522142379907
ENSG00000115421,-0.24142209088067,0.0347743353554944
ENSG00000109171,-0.270650713459863,0.0500781933267815
ENSG00000004766,-0.327007586427293,0.084108927642603
ENSG00000163464,0.614467895969927,0.270209180790339
ENSG00000100462,0.403041416840033,0.136494045700485
ENSG00000134686,0.583144787547523,0.252656632466095
ENSG00000116977,0.30107227724787,0.0701845889973115
ENSG00000165886,0.545486890978068,0.232160532448654
ENSG00000113851,-0.327476398354202,0.0881159949723204
ENSG00000128604,0.368760706456337,0.117049104355389
ENSG00000134955,0.443554495779843,0.168170044018931
ENSG00000089351,0.466266039996616,0.183576718230624
ENSG00000064547,0.493466718098904,0.201627510586361
ENSG00000109743,0.549865107297732,0.238068835052235
ENSG00000070190,0.476132101031538,0.190863113060291
ENSG00000173914,-0.343041821983905,0.101407309916659
ENSG00000100280,0.282383050684734,0.0633302391415286
ENSG00000053770,-0.290626028700609,0.0688130222541444
ENSG00000125676,-0.306471568160832,0.0791723700021629
ENSG00000213047,-0.406569095802743,0.148093230374495
ENSG00000135148,0.397078075538037,0.141794129961496
ENSG00000166750,-0.375785687503147,0.128780033335175
ENSG00000096968,0.330086899897559,0.0970093178513356
ENSG00000059377,0.484973999717289,0.205131519093832
ENSG00000108854,-0.295587592439331,0.0746514214409521
ENSG00000168813,-0.342819019836176,0.107761455569417
ENSG00000111785,-0.391383941748141,0.142431509081191
ENSG00000158435,-0.247122804734031,0.0456860596955396
ENSG00000254087,0.492681577504163,0.213327344563615
ENSG00000172432,0.357675146647221,0.120348666064378
ENSG00000100401,0.311005437623285,0.0877010792388233
ENSG00000186017,-0.407671979076604,0.156350004047989
ENSG00000080802,-0.310957124245531,0.0882097821313032
ENSG00000167703,0.522503004522807,0.236719773638101
ENSG00000124201,0.422148699307451,0.168497568378354
ENSG00000160593,0.480451563982811,0.212227477913786
ENSG00000008516,0.61022353021817,0.296021490473852
ENSG00000101997,0.348842616268384,0.119340055451482
ENSG00000173848,0.411683995256452,0.165711917613562
ENSG00000088448,-0.272057877159768,0.066391740097717
ENSG00000172766,-0.334985112496139,0.11162229331734
ENSG00000101337,0.292543264052109,0.0814087452081864
ENSG00000100055,0.41239074635828,0.169204380288138
ENSG00000010072,-0.249575683089932,0.0532384019061728
ENSG00000147316,-0.342295799288986,0.117902089192859
ENSG00000028839,-0.360418752204938,0.131376796724118
ENSG00000077254,-0.254052417876597,0.0563095800237894
ENSG00000205730,0.37187849191989,0.140366350706364
ENSG00000105223,0.325012148220435,0.105821748586648
ENSG00000145022,0.245387615346352,0.0516039664914724
ENSG00000129933,0.346448185802935,0.12252817194028
ENSG00000104327,-0.41812086224726,0.176181353825986
ENSG00000138639,0.435748163653311,0.18945858712439
ENSG00000204560,0.217728095330577,0.0361549884039242
ENSG00000180185,-0.480290311373128,0.224138860705105
ENSG00000164329,-0.239929290651791,0.0503363900915687
ENSG00000118369,0.371660405763084,0.14578013050841
ENSG00000100284,0.436093438484081,0.193814970293487
ENSG00000121064,0.359610041069706,0.13767444411337
ENSG00000148248,-0.272322731276494,0.0738986166092778
ENSG00000177200,-0.299936121717198,0.0955719191031472
ENSG00000196547,0.452206414026393,0.2108702128507
ENSG00000163956,0.271706311649655,0.0754858186114794
ENSG00000183963,-0.437926670154961,0.202926342112965
ENSG00000127663,0.45694464604021,0.21913336258919
ENSG00000142405,0.527413856303128,0.269511333418219
ENSG00000173171,0.436176352491749,0.205160997736779
ENSG00000100239,0.286954581629772,0.091327314734044
ENSG00000137266,-0.316698689401389,0.116662351642014
ENSG00000186635,0.447736344647484,0.219163207933747
ENSG00000086730,0.456926094444153,0.226016862068643
ENSG00000101150,0.407659597161021,0.189433292719731
ENSG00000166822,-0.258447044737953,0.0734986054059382
ENSG00000186409,-0.389629603721046,0.177245394192048
ENSG00000167552,0.479050771670523,0.245184242038052
ENSG00000065665,-0.354056646758629,0.150597062622264
ENSG00000163694,0.522214510985842,0.279178032824394
ENSG00000204389,0.472035341757388,0.243965395310048
ENSG00000013364,0.332193897446053,0.134773557424853
ENSG00000137809,-0.375948289480124,0.170988520790982
ENSG00000103313,0.525702504886517,0.282854157673482
ENSG00000114354,-0.23913025637297,0.0641159766776062
ENSG00000158773,0.309466534946224,0.11981396202906
ENSG00000175155,0.300608192430156,0.113213648141117
ENSG00000204220,0.321213365534943,0.130217496549915
ENSG00000101916,0.480976042419771,0.261037566038487
ENSG00000175489,0.448509984257464,0.238870898393492
ENSG00000170035,-0.310051808755456,0.126159395540798
ENSG00000101493,0.509212920828128,0.284822845695043
ENSG00000159314,0.382650026404771,0.18909711156006
ENSG00000151948,0.537832808259491,0.305826295615825
ENSG00000173327,0.376831383246861,0.18785138710788
ENSG00000100564,-0.333641943751026,0.15199756917662
ENSG00000122490,0.449163313486365,0.247605275506993
ENSG00000177663,0.458815657690247,0.256081952413526
ENSG00000141480,0.370958508613874,0.187006946251147
ENSG00000111817,0.333817499470674,0.155467543983048
ENSG00000165669,-0.245397697666077,0.0806643969841435
ENSG00000135506,0.303730376456672,0.134324405005616
ENSG00000160712,0.484831564628136,0.290928821774618
ENSG00000085063,0.388245520719441,0.214304878546124
ENSG00000215375,0.36707375696051,0.196947193955928
ENSG00000163110,-0.207120204456964,0.0562048123091504
ENSG00000198223,0.42513276007036,0.246381337612924
ENSG00000123329,0.392194176799467,0.22123251301657
ENSG00000069943,-0.349242568969186,0.184842896598817
ENSG00000160216,0.268942609318955,0.120593023929212
ENSG00000171608,0.359183436490138,0.209161830867833
ENSG00000087206,0.336727902941428,0.19133479080488
ENSG00000141965,-0.375659212483586,0.236903947695634
ENSG00000172354,0.385229088643649,0.253242136074819
ENSG00000136040,0.455180524171558,0.31276664543628
ENSG00000144118,0.399001746596094,0.265917324574532
ENSG00000062716,0.38702672848536,0.261725049544895
ENSG00000197063,0.302288044693461,0.185034558909583
ENSG00000154803,0.40313573930644,0.299515216138354
ENSG00000165233,0.30348452546767,0.203200375341821
ENSG00000170540,-0.346853035754445,0.253279318366977
ENSG00000172932,0.302430996201675,0.220150606534301
ENSG00000197324,0.392960420678216,0.320085051130861
